model_name,backbone_id,risk_probability,confidence_tier,label_geo_spread,knownness_score,n_new_countries_future,explanation,alarm_score,meta
biospread_omega_v15,AG392,0.2604300081729889,medium,0,0.6118578910827637,1,CLEAR,0.0,
biospread_omega_v15,AA859,0.7131227850914001,review,1,0.49399423599243164,6,ORACLE_ORANGE,0.0,
biospread_omega_v15,AC558,0.35711419582366943,medium,0,0.6418508589267731,1,CLEAR,0.0,
biospread_omega_v15,AB220,0.25972893834114075,medium,0,0.632031112909317,0,CLEAR,0.0,
biospread_omega_v15,AD688,0.6975895762443542,review,0,0.5345138311386108,1,ORACLE_ORANGE,0.0,
biospread_omega_v15,AF297,0.269183486700058,review,0,0.5990358889102936,0,CLEAR,0.0,
biospread_omega_v15,AC125,0.7336198091506958,review,1,0.5512624979019165,26,ORACLE_ORANGE,0.0,
biospread_omega_v15,AA940,0.27233028411865234,review,0,0.5988107919692993,0,CLEAR,0.0,
biospread_omega_v15,AD581,0.26202070713043213,medium,0,0.6221038401126862,1,CLEAR,0.0,
biospread_omega_v15,AF268,0.49516117572784424,medium,0,0.607451856136322,2,CLEAR,0.0,
biospread_omega_v15,AB272,0.7168390154838562,review,1,0.5017739534378052,18,ORACLE_ORANGE,0.0,
biospread_omega_v15,AA378,0.7235392332077026,review,1,0.5112253725528717,35,ORACLE_ORANGE,0.0,
biospread_omega_v15,AB186,0.7612619996070862,medium,1,0.6013360023498535,4,ORACLE_ORANGE,0.0,
biospread_omega_v15,AC212,0.7140005826950073,review,1,0.49687641859054565,3,ORACLE_ORANGE,0.0,
biospread_omega_v15,AB981,0.2609066069126129,medium,0,0.6341556310653687,2,CLEAR,0.0,
biospread_omega_v15,AD206,0.27246618270874023,medium,0,0.603426069021225,0,CLEAR,0.0,
biospread_omega_v15,AF744,0.2688077390193939,review,0,0.5996466875076294,0,CLEAR,0.0,
biospread_omega_v15,AF253,0.2617127001285553,medium,0,0.6115129292011261,0,CLEAR,0.0,
biospread_omega_v15,AA879,0.26919856667518616,review,0,0.5987009406089783,0,CLEAR,0.0,
biospread_omega_v15,AE935,0.2841229736804962,review,0,0.5951544940471649,1,CLEAR,0.0,
biospread_omega_v15,AG458,0.2628108561038971,medium,0,0.6105072498321533,0,CLEAR,0.0,
biospread_omega_v15,AB152,0.32344838976860046,review,1,0.5853119790554047,5,CLEAR,0.0,
biospread_omega_v15,AB766,0.27350008487701416,medium,0,0.6161279082298279,1,CLEAR,0.0,
biospread_omega_v15,AF152,0.3583146333694458,medium,0,0.633339136838913,1,CLEAR,0.0,
biospread_omega_v15,AD158,0.7266696691513062,review,1,0.5174150466918945,14,ORACLE_ORANGE,0.0,
biospread_omega_v15,AH311,0.2687969505786896,review,0,0.5988650918006897,0,CLEAR,0.0,
biospread_omega_v15,AC035,0.2743731141090393,review,0,0.5971077680587769,0,CLEAR,0.0,
biospread_omega_v15,AA752,0.7230854630470276,review,1,0.5099831521511078,21,ORACLE_ORANGE,0.0,
biospread_omega_v15,AC187,0.2631252706050873,medium,0,0.6450875699520111,0,CLEAR,0.0,
biospread_omega_v15,AA346,0.7191887497901917,review,1,0.5116860866546631,8,ORACLE_ORANGE,0.0,
biospread_omega_v15,AD572,0.3283103108406067,medium,1,0.629502534866333,5,CLEAR,0.0,
biospread_omega_v15,AE381,0.30590757727622986,review,1,0.5720787048339844,3,CLEAR,0.0,
biospread_omega_v15,AH121,0.26494503021240234,medium,0,0.6330351531505585,1,CLEAR,0.0,
biospread_omega_v15,AF255,0.26471424102783203,medium,0,0.613192230463028,1,CLEAR,0.0,
biospread_omega_v15,AD453,0.5758952498435974,medium,0,0.6536775827407837,1,ORACLE_ORANGE,0.0,
biospread_omega_v15,AE536,0.4779038429260254,medium,0,0.6649033725261688,2,CLEAR,0.0,
biospread_omega_v15,AB559,0.7166779637336731,review,1,0.511591225862503,3,ORACLE_ORANGE,0.0,
biospread_omega_v15,AD223,0.2855807840824127,medium,0,0.6065490543842316,1,CLEAR,0.0,
biospread_omega_v15,AA324,0.7158474922180176,review,1,0.49936097860336304,25,ORACLE_ORANGE,0.0,
biospread_omega_v15,AE707,0.2609182596206665,medium,0,0.6280727982521057,1,CLEAR,0.0,
biospread_omega_v15,AE144,0.269336462020874,review,0,0.5986413061618805,0,CLEAR,0.0,
biospread_omega_v15,AA323,0.7136866450309753,review,1,0.49366629123687744,18,ORACLE_ORANGE,0.0,
biospread_omega_v15,AD067,0.3248516023159027,medium,0,0.6700132489204407,0,CLEAR,0.0,
biospread_omega_v15,AB877,0.26919856667518616,review,0,0.5987009406089783,0,CLEAR,0.0,
biospread_omega_v15,AB709,0.566666841506958,medium,1,0.6142095625400543,6,ORACLE_ORANGE,0.0,
biospread_omega_v15,AG528,0.2708108425140381,review,0,0.5981528759002686,0,CLEAR,0.0,
biospread_omega_v15,AF537,0.7147511839866638,review,0,0.5457894206047058,2,ORACLE_ORANGE,0.0,
biospread_omega_v15,AE605,0.26587486267089844,medium,0,0.6127264201641083,1,CLEAR,0.0,
biospread_omega_v15,AC099,0.30141305923461914,medium,0,0.6600340008735657,2,CLEAR,0.0,
biospread_omega_v15,AC647,0.40855130553245544,medium,0,0.623273640871048,2,CLEAR,0.0,
biospread_omega_v15,AA282,0.7212616801261902,review,1,0.5152019560337067,23,ORACLE_ORANGE,0.0,
biospread_omega_v15,AE068,0.27545449137687683,medium,0,0.6077644526958466,0,CLEAR,0.0,
biospread_omega_v15,AB741,0.2956518828868866,medium,1,0.6407662034034729,3,CLEAR,0.0,
biospread_omega_v15,AB721,0.7524622082710266,review,1,0.5651146769523621,9,ORACLE_ORANGE,0.0,
biospread_omega_v15,AB664,0.2661885619163513,medium,0,0.6092928349971771,0,CLEAR,0.0,
biospread_omega_v15,AA531,0.7141658067703247,review,1,0.5013017654418945,15,ORACLE_ORANGE,0.0,
biospread_omega_v15,AC844,0.6713407039642334,review,0,0.5154967308044434,0,ORACLE_ORANGE,0.0,
biospread_omega_v15,AC350,0.3033645451068878,medium,0,0.6416420936584473,0,CLEAR,0.0,
biospread_omega_v15,AC907,0.2843552529811859,review,0,0.5895823836326599,2,CLEAR,0.0,
biospread_omega_v15,AD105,0.26754504442214966,medium,0,0.6028980612754822,1,CLEAR,0.0,
biospread_omega_v15,AA089,0.28694987297058105,medium,0,0.6247212886810303,2,CLEAR,0.0,
biospread_omega_v15,AC694,0.3238305151462555,review,1,0.5826469361782074,3,CLEAR,0.0,
biospread_omega_v15,AH458,0.2656608521938324,medium,0,0.6000930666923523,0,CLEAR,0.0,
biospread_omega_v15,AC375,0.2669168710708618,medium,0,0.6099431216716766,0,CLEAR,0.0,
biospread_omega_v15,AC888,0.5270952582359314,medium,1,0.6773824095726013,8,ORACLE_ORANGE,0.0,
biospread_omega_v15,AD957,0.26171356439590454,medium,0,0.629978209733963,0,CLEAR,0.0,
biospread_omega_v15,AA964,0.7162663340568542,review,1,0.5040714740753174,13,ORACLE_ORANGE,0.0,
biospread_omega_v15,AC545,0.26126065850257874,medium,0,0.6309454143047333,0,CLEAR,0.0,
biospread_omega_v15,AG682,0.2668329179286957,review,0,0.5987192988395691,0,CLEAR,0.0,
biospread_omega_v15,AB887,0.27450358867645264,medium,0,0.649595320224762,2,CLEAR,0.0,
biospread_omega_v15,AC686,0.38933584094047546,medium,1,0.6147029101848602,9,CLEAR,0.0,
biospread_omega_v15,AC366,0.269336462020874,review,0,0.5986413061618805,0,CLEAR,0.0,
biospread_omega_v15,AC690,0.6715028285980225,review,1,0.5690322816371918,13,ORACLE_ORANGE,0.0,
biospread_omega_v15,AE560,0.26591309905052185,medium,0,0.60076704621315,2,CLEAR,0.0,
biospread_omega_v15,AH479,0.2706626355648041,review,0,0.5978648960590363,0,CLEAR,0.0,
biospread_omega_v15,AH428,0.27045419812202454,review,0,0.598724365234375,0,CLEAR,0.0,
biospread_omega_v15,AA519,0.7094911932945251,review,1,0.49294716119766235,13,ORACLE_ORANGE,0.0,
biospread_omega_v15,AE643,0.2606472969055176,medium,0,0.6188106536865234,2,CLEAR,0.0,
biospread_omega_v15,AC030,0.7295317053794861,review,1,0.5467090308666229,4,ORACLE_ORANGE,0.0,
biospread_omega_v15,AA103,0.7059062719345093,review,1,0.5151682794094086,23,ORACLE_ORANGE,0.0,
biospread_omega_v15,AC733,0.5971417427062988,medium,1,0.6407309472560883,12,ORACLE_ORANGE,0.0,
biospread_omega_v15,AF609,0.719748318195343,review,1,0.5114715993404388,8,ORACLE_ORANGE,0.0,
biospread_omega_v15,AC154,0.2651640772819519,medium,1,0.6161904335021973,5,CLEAR,0.0,
biospread_omega_v15,AB865,0.25757578015327454,medium,0,0.6354677379131317,0,CLEAR,0.0,
biospread_omega_v15,AB896,0.2684609591960907,medium,0,0.6002646386623383,0,CLEAR,0.0,
biospread_omega_v15,AB525,0.2653455138206482,medium,0,0.6112235486507416,0,CLEAR,0.0,
biospread_omega_v15,AA742,0.7088805437088013,review,1,0.526949405670166,5,ORACLE_ORANGE,0.0,
biospread_omega_v15,AC113,0.2721632719039917,medium,1,0.6290773153305054,5,CLEAR,0.0,
biospread_omega_v15,AC536,0.709441602230072,review,1,0.5193248689174652,6,ORACLE_ORANGE,0.0,
biospread_omega_v15,AA359,0.7206847667694092,review,0,0.5213416516780853,2,ORACLE_ORANGE,0.0,
biospread_omega_v15,AD621,0.2664375603199005,review,0,0.5995337665081024,1,CLEAR,0.0,
biospread_omega_v15,AA349,0.7217455506324768,review,1,0.5365535020828247,6,ORACLE_ORANGE,0.0,
biospread_omega_v15,AA622,0.713026762008667,review,1,0.4941224455833435,6,ORACLE_ORANGE,0.0,
biospread_omega_v15,AG057,0.2758784890174866,review,0,0.5895591974258423,1,CLEAR,0.0,
biospread_omega_v15,AC295,0.7142884731292725,review,0,0.5041349232196808,1,ORACLE_ORANGE,0.0,
biospread_omega_v15,AC309,0.7244527339935303,review,1,0.5245728492736816,5,ORACLE_ORANGE,0.0,
biospread_omega_v15,AB413,0.7409879565238953,review,1,0.5436991751194,10,ORACLE_ORANGE,0.0,
biospread_omega_v15,AD594,0.2553178668022156,medium,0,0.6340311467647552,2,CLEAR,0.0,
biospread_omega_v15,AE458,0.27007824182510376,medium,0,0.610635906457901,1,CLEAR,0.0,
biospread_omega_v15,AH402,0.26644837856292725,review,0,0.5995325744152069,1,CLEAR,0.0,
biospread_omega_v15,AD033,0.26135775446891785,medium,0,0.6134874224662781,0,CLEAR,0.0,
biospread_omega_v15,AB015,0.26906901597976685,medium,0,0.6014251112937927,1,CLEAR,0.0,
biospread_omega_v15,AD468,0.273583322763443,review,0,0.5987616777420044,0,CLEAR,0.0,
biospread_omega_v15,AA830,0.3269974887371063,medium,0,0.6421492993831635,1,CLEAR,0.0,
biospread_omega_v15,AC654,0.7113441228866577,medium,1,0.6461657285690308,3,ORACLE_ORANGE,0.0,
biospread_omega_v15,AC726,0.3636874854564667,medium,0,0.6524229645729065,1,CLEAR,0.0,
biospread_omega_v15,AA018,0.7213882207870483,review,1,0.5096323192119598,21,ORACLE_ORANGE,0.0,
biospread_omega_v15,AD139,0.2684609591960907,medium,0,0.6002646386623383,0,CLEAR,0.0,
biospread_omega_v15,AA593,0.7040665745735168,review,0,0.5233247578144073,1,ORACLE_ORANGE,0.0,
biospread_omega_v15,AC429,0.269336462020874,review,0,0.5986413061618805,0,CLEAR,0.0,
biospread_omega_v15,AD539,0.27373000979423523,medium,0,0.6119934618473053,1,CLEAR,0.0,
biospread_omega_v15,AA739,0.7141709327697754,review,1,0.49241042137145996,36,ORACLE_ORANGE,0.0,
biospread_omega_v15,AE233,0.7090384364128113,review,1,0.4949066638946533,8,ORACLE_ORANGE,0.0,
biospread_omega_v15,AB460,0.7209621071815491,review,1,0.5116307735443115,15,ORACLE_ORANGE,0.0,
biospread_omega_v15,AB161,0.715825617313385,review,1,0.5039726495742798,13,ORACLE_ORANGE,0.0,
biospread_omega_v15,AD328,0.7142216563224792,review,0,0.5312386155128479,2,ORACLE_ORANGE,0.0,
biospread_omega_v15,AA865,0.4114493429660797,medium,0,0.6186931133270264,1,CLEAR,0.0,
biospread_omega_v15,AC711,0.2661946713924408,medium,1,0.6112812161445618,3,CLEAR,0.0,
biospread_omega_v15,AA005,0.44755735993385315,medium,0,0.6386443674564362,2,CLEAR,0.0,
biospread_omega_v15,AC495,0.25905460119247437,medium,0,0.6306020021438599,0,CLEAR,0.0,
biospread_omega_v15,AG126,0.26926741003990173,medium,0,0.6007789969444275,2,CLEAR,0.0,
biospread_omega_v15,AH138,0.26649239659309387,medium,0,0.6117812991142273,0,CLEAR,0.0,
biospread_omega_v15,AD358,0.3422052264213562,medium,0,0.6538369059562683,0,CLEAR,0.0,
biospread_omega_v15,AB675,0.4447859227657318,medium,0,0.6051784455776215,2,CLEAR,0.0,
biospread_omega_v15,AD485,0.7277821898460388,review,1,0.5150387287139893,13,ORACLE_ORANGE,0.0,
biospread_omega_v15,AE548,0.5266604423522949,medium,1,0.6621030271053314,4,ORACLE_ORANGE,0.0,
biospread_omega_v15,AB258,0.2775871157646179,medium,1,0.6341919898986816,4,CLEAR,0.0,
biospread_omega_v15,AA074,0.2618752717971802,medium,0,0.6136274039745331,1,CLEAR,0.0,
biospread_omega_v15,AG874,0.25494223833084106,medium,0,0.6298916339874268,0,CLEAR,0.0,
biospread_omega_v15,AA765,0.3148055672645569,review,1,0.5946866273880005,3,CLEAR,0.0,
biospread_omega_v15,AA316,0.7171607613563538,review,1,0.5060547590255737,17,ORACLE_ORANGE,0.0,
biospread_omega_v15,AB171,0.7208825349807739,review,1,0.5156211256980896,10,ORACLE_ORANGE,0.0,
biospread_omega_v15,AA356,0.7183800935745239,review,1,0.5089142918586731,12,ORACLE_ORANGE,0.0,
biospread_omega_v15,AC942,0.6035757064819336,medium,0,0.6315092444419861,0,ORACLE_ORANGE,0.0,
biospread_omega_v15,AE109,0.7193252444267273,review,1,0.5223981738090515,5,ORACLE_ORANGE,0.0,
biospread_omega_v15,AE604,0.7039369344711304,review,1,0.5060820281505585,5,ORACLE_ORANGE,0.0,
biospread_omega_v15,AA308,0.6727794408798218,review,0,0.5187570750713348,0,ORACLE_ORANGE,0.0,
biospread_omega_v15,AB056,0.7062302231788635,review,1,0.5000147819519043,9,ORACLE_ORANGE,0.0,
biospread_omega_v15,AF441,0.2964048385620117,review,0,0.5837456285953522,1,CLEAR,0.0,
biospread_omega_v15,AE415,0.6591401100158691,review,1,0.5301728844642639,6,ORACLE_ORANGE,0.0,
biospread_omega_v15,AG298,0.7098504304885864,review,0,0.5346030294895172,0,ORACLE_ORANGE,0.0,
biospread_omega_v15,AC773,0.35746636986732483,medium,0,0.6620527505874634,2,CLEAR,0.0,
biospread_omega_v15,AG312,0.7003566026687622,review,0,0.49477481842041016,0,ORACLE_ORANGE,0.0,
biospread_omega_v15,AF910,0.3346467614173889,medium,0,0.6467591226100922,0,CLEAR,0.0,
biospread_omega_v15,AC890,0.31705138087272644,review,0,0.5897396504878998,2,CLEAR,0.0,
biospread_omega_v15,AH390,0.312284916639328,review,1,0.5923499464988708,3,CLEAR,0.0,
biospread_omega_v15,AC948,0.4578678607940674,medium,1,0.632588803768158,5,CLEAR,0.0,
biospread_omega_v15,AD818,0.41959458589553833,medium,1,0.6350405812263489,4,CLEAR,0.0,
biospread_omega_v15,AF686,0.719179630279541,review,1,0.5371948480606079,3,ORACLE_ORANGE,0.0,
biospread_omega_v15,AF247,0.26919856667518616,review,0,0.5987009406089783,0,CLEAR,0.0,
biospread_omega_v15,AE147,0.2628108561038971,medium,0,0.6105072498321533,0,CLEAR,0.0,
biospread_omega_v15,AD194,0.7185459136962891,review,1,0.5430091619491577,6,ORACLE_ORANGE,0.0,
biospread_omega_v15,AB803,0.2558240592479706,medium,0,0.6292766034603119,0,CLEAR,0.0,
biospread_omega_v15,AD726,0.7555490136146545,review,0,0.5950634181499481,1,ORACLE_ORANGE,0.0,
biospread_omega_v15,AE685,0.26664891839027405,medium,0,0.6213735640048981,0,CLEAR,0.0,
biospread_omega_v15,AA514,0.7087454199790955,review,1,0.49863845109939575,10,ORACLE_ORANGE,0.0,
biospread_omega_v15,AD590,0.28592920303344727,medium,1,0.634803831577301,5,CLEAR,0.0,
biospread_omega_v15,AB740,0.6486405730247498,review,1,0.5995494723320007,3,ORACLE_ORANGE,0.0,
biospread_omega_v15,AC570,0.7196666598320007,review,0,0.5260477364063263,2,ORACLE_ORANGE,0.0,
biospread_omega_v15,AA831,0.7223678827285767,review,1,0.5139134228229523,4,ORACLE_ORANGE,0.0,
biospread_omega_v15,AG592,0.2687969505786896,review,0,0.5988650918006897,0,CLEAR,0.0,
biospread_omega_v15,AC242,0.7179542183876038,review,0,0.504249632358551,1,ORACLE_ORANGE,0.0,
biospread_omega_v15,AC279,0.260983407497406,medium,0,0.6361733078956604,0,CLEAR,0.0,
biospread_omega_v15,AD976,0.6983036994934082,review,0,0.4941619038581848,2,ORACLE_ORANGE,0.0,
biospread_omega_v15,AB292,0.26330259442329407,medium,0,0.6411462724208832,0,CLEAR,0.0,
biospread_omega_v15,AA837,0.7241381406784058,review,1,0.5270686745643616,6,ORACLE_ORANGE,0.0,
biospread_omega_v15,AB428,0.2630906105041504,medium,0,0.616251677274704,1,CLEAR,0.0,
biospread_omega_v15,AF665,0.5269308090209961,review,0,0.589552640914917,2,ORACLE_ORANGE,0.0,
biospread_omega_v15,AA570,0.2663654088973999,review,0,0.5997558236122131,2,CLEAR,0.0,
biospread_omega_v15,AC056,0.6740409135818481,review,0,0.5369317531585693,2,ORACLE_ORANGE,0.0,
biospread_omega_v15,AG686,0.269183486700058,review,0,0.5990358889102936,0,CLEAR,0.0,
biospread_omega_v15,AF408,0.26432716846466064,medium,0,0.6091712713241577,0,CLEAR,0.0,
biospread_omega_v15,AD837,0.3168622553348541,medium,0,0.6509979665279388,2,CLEAR,0.0,
biospread_omega_v15,AE492,0.2614755630493164,medium,0,0.6140906810760498,0,CLEAR,0.0,
biospread_omega_v15,AF676,0.2794797718524933,review,0,0.591096967458725,0,CLEAR,0.0,
biospread_omega_v15,AB822,0.6873000860214233,review,0,0.5007415115833282,1,ORACLE_ORANGE,0.0,
biospread_omega_v15,AA345,0.7265127897262573,review,1,0.5173743069171906,12,ORACLE_ORANGE,0.0,
biospread_omega_v15,AE427,0.274661123752594,medium,1,0.6271961033344269,5,CLEAR,0.0,
biospread_omega_v15,AA295,0.7202507853507996,review,1,0.5134959816932678,6,ORACLE_ORANGE,0.0,
biospread_omega_v15,AF248,0.26603269577026367,medium,0,0.6092021763324738,0,CLEAR,0.0,
biospread_omega_v15,AF098,0.2779560685157776,medium,0,0.6304595470428467,1,CLEAR,0.0,
biospread_omega_v15,AA442,0.7147800922393799,review,1,0.5067146122455597,6,ORACLE_ORANGE,0.0,
biospread_omega_v15,AC408,0.7187673449516296,review,0,0.5159408152103424,2,ORACLE_ORANGE,0.0,
biospread_omega_v15,AC222,0.2798433303833008,review,1,0.5958926975727081,3,CLEAR,0.0,
biospread_omega_v15,AC216,0.7109230756759644,review,1,0.5224084556102753,7,ORACLE_ORANGE,0.0,
biospread_omega_v15,AC919,0.2853243947029114,medium,0,0.6062766015529633,0,CLEAR,0.0,
biospread_omega_v15,AA932,0.27549126744270325,medium,0,0.6007596254348755,2,CLEAR,0.0,
biospread_omega_v15,AD116,0.25956639647483826,medium,0,0.641845703125,0,CLEAR,0.0,
biospread_omega_v15,AC671,0.7195059061050415,review,0,0.5356811583042145,2,ORACLE_ORANGE,0.0,
biospread_omega_v15,AC660,0.2686985731124878,medium,0,0.6006011962890625,0,CLEAR,0.0,
biospread_omega_v15,AC534,0.717504620552063,review,0,0.5477767288684845,2,ORACLE_ORANGE,0.0,
biospread_omega_v15,AB568,0.25674310326576233,medium,0,0.6185389459133148,0,CLEAR,0.0,
biospread_omega_v15,AD578,0.6849134564399719,review,1,0.48913145065307617,5,ORACLE_ORANGE,0.0,
biospread_omega_v15,AB601,0.3843594193458557,medium,0,0.6572814583778381,0,CLEAR,0.0,
biospread_omega_v15,AD584,0.7128584980964661,review,0,0.5171475112438202,0,ORACLE_ORANGE,0.0,
biospread_omega_v15,AA338,0.7155753970146179,review,1,0.4997321367263794,33,ORACLE_ORANGE,0.0,
biospread_omega_v15,AA401,0.7640969753265381,medium,1,0.6065877676010132,5,ORACLE_ORANGE,0.0,
biospread_omega_v15,AB229,0.7152727842330933,review,1,0.5041756629943848,8,ORACLE_ORANGE,0.0,
biospread_omega_v15,AE404,0.2652692198753357,medium,0,0.6148544251918793,0,CLEAR,0.0,
biospread_omega_v15,AA436,0.7147170305252075,review,1,0.501696765422821,10,ORACLE_ORANGE,0.0,
biospread_omega_v15,AG670,0.2680949568748474,medium,0,0.6003358066082001,0,CLEAR,0.0,
biospread_omega_v15,AB557,0.38136163353919983,medium,1,0.6285922527313232,5,CLEAR,0.0,
biospread_omega_v15,AA781,0.28131529688835144,medium,1,0.6050716638565063,4,CLEAR,0.0,
biospread_omega_v15,AB442,0.2659880220890045,medium,1,0.6363361179828644,4,CLEAR,0.0,
biospread_omega_v15,AE006,0.2776857912540436,review,0,0.5881267786026001,2,CLEAR,0.0,
biospread_omega_v15,AB072,0.7082870006561279,review,1,0.4941100478172302,5,ORACLE_ORANGE,0.0,
biospread_omega_v15,AF644,0.3286312520503998,medium,0,0.6074012219905853,1,CLEAR,0.0,
biospread_omega_v15,AC661,0.2576403319835663,medium,0,0.6334238052368164,0,CLEAR,0.0,
biospread_omega_v15,AD600,0.265541672706604,medium,1,0.6339111626148224,3,CLEAR,0.0,
biospread_omega_v15,AC151,0.2751542031764984,review,0,0.5876111090183258,2,CLEAR,0.0,
biospread_omega_v15,AE944,0.26079457998275757,medium,0,0.6401039063930511,0,CLEAR,0.0,
biospread_omega_v15,AD241,0.26366570591926575,medium,0,0.6527091860771179,0,CLEAR,0.0,
biospread_omega_v15,AA114,0.7049524784088135,review,1,0.5197981297969818,9,ORACLE_ORANGE,0.0,
biospread_omega_v15,AE318,0.7438413500785828,review,0,0.5988520085811615,2,ORACLE_ORANGE,0.0,
biospread_omega_v15,AF269,0.28100794553756714,medium,0,0.6415506601333618,0,CLEAR,0.0,
biospread_omega_v15,AF043,0.717832088470459,review,0,0.5013203322887421,1,ORACLE_ORANGE,0.0,
biospread_omega_v15,AB238,0.6969022750854492,review,1,0.5141569972038269,4,ORACLE_ORANGE,0.0,
biospread_omega_v15,AB768,0.261009156703949,medium,0,0.6259936094284058,0,CLEAR,0.0,
biospread_omega_v15,AC105,0.6907029747962952,review,1,0.508843868970871,6,ORACLE_ORANGE,0.0,
biospread_omega_v15,AA698,0.7390450239181519,review,1,0.5398542582988739,12,ORACLE_ORANGE,0.0,
biospread_omega_v15,AG108,0.2837494909763336,review,0,0.5867847204208374,2,CLEAR,0.0,
biospread_omega_v15,AC360,0.2694012522697449,medium,0,0.6003330647945404,1,CLEAR,0.0,
biospread_omega_v15,AC230,0.265335351228714,medium,0,0.6111955642700195,0,CLEAR,0.0,
biospread_omega_v15,AA434,0.7162218689918518,review,1,0.5067231953144073,4,ORACLE_ORANGE,0.0,
biospread_omega_v15,AA045,0.7199665904045105,review,1,0.5140365958213806,14,ORACLE_ORANGE,0.0,
biospread_omega_v15,AF563,0.7140703797340393,review,1,0.5167073011398315,6,ORACLE_ORANGE,0.0,
biospread_omega_v15,AH220,0.26878416538238525,review,0,0.5991858839988708,0,CLEAR,0.0,
biospread_omega_v15,AA525,0.7140347957611084,review,1,0.5076999366283417,13,ORACLE_ORANGE,0.0,
biospread_omega_v15,AE556,0.26246947050094604,medium,0,0.6109919846057892,0,CLEAR,0.0,
biospread_omega_v15,AA452,0.7160938382148743,review,1,0.5057511925697327,14,ORACLE_ORANGE,0.0,
biospread_omega_v15,AE939,0.2665799856185913,medium,0,0.6089989840984344,0,CLEAR,0.0,
biospread_omega_v15,AF749,0.264478862285614,medium,0,0.6117101311683655,0,CLEAR,0.0,
biospread_omega_v15,AG942,0.2757551670074463,review,0,0.5900589823722839,1,CLEAR,0.0,
biospread_omega_v15,AB583,0.27233028411865234,review,0,0.5988107919692993,0,CLEAR,0.0,
biospread_omega_v15,AD181,0.2639384865760803,medium,0,0.6044220924377441,1,CLEAR,0.0,
biospread_omega_v15,AC677,0.7139648199081421,review,0,0.5008034408092499,0,ORACLE_ORANGE,0.0,
biospread_omega_v15,AA768,0.7214173078536987,review,0,0.5447004735469818,1,ORACLE_ORANGE,0.0,
biospread_omega_v15,AA411,0.714844286441803,review,1,0.5029870271682739,15,ORACLE_ORANGE,0.0,
biospread_omega_v15,AB114,0.7273921370506287,review,1,0.5504882335662842,12,ORACLE_ORANGE,0.0,
biospread_omega_v15,AB649,0.29575347900390625,medium,0,0.6427626013755798,0,CLEAR,0.0,
biospread_omega_v15,AA515,0.711208701133728,review,1,0.49419713020324707,13,ORACLE_ORANGE,0.0,
biospread_omega_v15,AE275,0.26468807458877563,medium,0,0.611680656671524,0,CLEAR,0.0,
biospread_omega_v15,AB644,0.7235291600227356,review,1,0.5552247166633606,4,ORACLE_ORANGE,0.0,
biospread_omega_v15,AB927,0.7393900156021118,review,0,0.5506822764873505,0,ORACLE_ORANGE,0.0,
biospread_omega_v15,AH302,0.26878151297569275,review,0,0.5989597737789154,0,CLEAR,0.0,
biospread_omega_v15,AF568,0.5613886117935181,review,0,0.5689376294612885,2,ORACLE_ORANGE,0.0,
biospread_omega_v15,AE773,0.7135723233222961,review,0,0.5303512811660767,0,ORACLE_ORANGE,0.0,
biospread_omega_v15,AD850,0.2578370273113251,medium,0,0.6357812881469727,0,CLEAR,0.0,
biospread_omega_v15,AG389,0.5682865977287292,medium,0,0.6207911670207977,1,ORACLE_ORANGE,0.0,
biospread_omega_v15,AC594,0.2713209092617035,medium,0,0.6120506823062897,1,CLEAR,0.0,
biospread_omega_v15,AB057,0.3542681932449341,medium,0,0.6221695244312286,0,CLEAR,0.0,
biospread_omega_v15,AA424,0.716232180595398,review,1,0.5007632076740265,14,ORACLE_ORANGE,0.0,
biospread_omega_v15,AC472,0.6429723501205444,medium,0,0.6011133790016174,2,ORACLE_ORANGE,0.0,
biospread_omega_v15,AF909,0.25885143876075745,medium,0,0.627275824546814,2,CLEAR,0.0,
biospread_omega_v15,AA729,0.27120694518089294,review,0,0.5993057489395142,0,CLEAR,0.0,
biospread_omega_v15,AF271,0.2630517780780792,medium,0,0.6156211793422699,0,CLEAR,0.0,
biospread_omega_v15,AA563,0.2797856330871582,review,1,0.597405344247818,3,CLEAR,0.0,
biospread_omega_v15,AB780,0.2649383842945099,medium,0,0.618139386177063,0,CLEAR,0.0,
biospread_omega_v15,AE341,0.7179832458496094,review,0,0.5109199583530426,1,ORACLE_ORANGE,0.0,
biospread_omega_v15,AA352,0.7122839689254761,medium,1,0.6229254007339478,12,ORACLE_ORANGE,0.0,
biospread_omega_v15,AB146,0.5036930441856384,review,0,0.5762998461723328,2,ORACLE_ORANGE,0.0,
biospread_omega_v15,AF702,0.2576403319835663,medium,0,0.6334238052368164,0,CLEAR,0.0,
biospread_omega_v15,AB506,0.2655387222766876,medium,0,0.6124297082424164,1,CLEAR,0.0,
biospread_omega_v15,AD046,0.27276504039764404,medium,0,0.6092436909675598,1,CLEAR,0.0,
biospread_omega_v15,AC127,0.2640838921070099,medium,0,0.6223644316196442,0,CLEAR,0.0,
biospread_omega_v15,AG064,0.2700912654399872,medium,0,0.6106358766555786,1,CLEAR,0.0,
biospread_omega_v15,AD419,0.2784499526023865,review,0,0.5863222479820251,1,CLEAR,0.0,
biospread_omega_v15,AB790,0.2681461274623871,medium,0,0.6045698821544647,1,CLEAR,0.0,
biospread_omega_v15,AC228,0.26468780636787415,medium,1,0.6137801110744476,4,CLEAR,0.0,
biospread_omega_v15,AF844,0.27256131172180176,medium,0,0.6031203866004944,0,CLEAR,0.0,
biospread_omega_v15,AB682,0.6229074001312256,review,0,0.5926881730556488,0,ORACLE_ORANGE,0.0,
biospread_omega_v15,AG433,0.6197214126586914,review,0,0.5557209253311157,2,ORACLE_ORANGE,0.0,
biospread_omega_v15,AA449,0.7196665406227112,review,1,0.5109687149524689,14,ORACLE_ORANGE,0.0,
biospread_omega_v15,AE055,0.26041653752326965,medium,0,0.6371299624443054,1,CLEAR,0.0,
biospread_omega_v15,AG628,0.26606783270835876,medium,0,0.6004246473312378,0,CLEAR,0.0,
biospread_omega_v15,AC406,0.6709233522415161,review,0,0.5071532130241394,2,ORACLE_ORANGE,0.0,
biospread_omega_v15,AA237,0.3763010501861572,medium,1,0.6187778413295746,4,CLEAR,0.0,
biospread_omega_v15,AE974,0.7388084530830383,review,1,0.5319796800613403,11,ORACLE_ORANGE,0.0,
biospread_omega_v15,AA250,0.26489681005477905,medium,0,0.6115149259567261,0,CLEAR,0.0,
biospread_omega_v15,AC635,0.6899190545082092,review,0,0.5378360152244568,1,ORACLE_ORANGE,0.0,
biospread_omega_v15,AG680,0.265865296125412,medium,0,0.6106572449207306,0,CLEAR,0.0,
biospread_omega_v15,AB681,0.7107698917388916,review,0,0.5206671357154846,0,ORACLE_ORANGE,0.0,
biospread_omega_v15,AF224,0.3026188313961029,review,1,0.5732806324958801,4,CLEAR,0.0,
biospread_omega_v15,AC540,0.35326507687568665,medium,1,0.6251768469810486,5,CLEAR,0.0,
biospread_omega_v15,AD931,0.2802705764770508,review,1,0.5969741344451904,7,CLEAR,0.0,
biospread_omega_v15,AA353,0.7155748605728149,review,0,0.5013938248157501,0,ORACLE_ORANGE,0.0,
biospread_omega_v15,AF607,0.27903541922569275,medium,1,0.6209740042686462,4,CLEAR,0.0,
biospread_omega_v15,AD838,0.713270366191864,medium,0,0.6294110715389252,2,ORACLE_ORANGE,0.0,
biospread_omega_v15,AD242,0.2659606337547302,medium,0,0.609822690486908,0,CLEAR,0.0,
biospread_omega_v15,AE059,0.26018691062927246,medium,0,0.6392699182033539,2,CLEAR,0.0,
biospread_omega_v15,AA694,0.41044124960899353,medium,1,0.6309661269187927,9,CLEAR,0.0,
biospread_omega_v15,AC517,0.2917475402355194,medium,1,0.6212492883205414,5,CLEAR,0.0,
biospread_omega_v15,AD849,0.26887238025665283,medium,0,0.6000741422176361,1,CLEAR,0.0,
biospread_omega_v15,AF578,0.7221248149871826,review,0,0.5134886205196381,0,ORACLE_ORANGE,0.0,
biospread_omega_v15,AA050,0.751234233379364,medium,1,0.602066308259964,9,ORACLE_ORANGE,0.0,
biospread_omega_v15,AB884,0.265865296125412,medium,0,0.6106572449207306,0,CLEAR,0.0,
biospread_omega_v15,AB897,0.5045284032821655,review,0,0.5740044116973877,1,ORACLE_ORANGE,0.0,
biospread_omega_v15,AB672,0.7274312973022461,review,1,0.5471895337104797,4,ORACLE_ORANGE,0.0,
biospread_omega_v15,AH178,0.26876628398895264,review,0,0.5991186499595642,0,CLEAR,0.0,
biospread_omega_v15,AF069,0.3811459541320801,medium,1,0.6353167295455933,6,CLEAR,0.0,
biospread_omega_v15,AA968,0.6914283633232117,review,0,0.5167826414108276,2,ORACLE_ORANGE,0.0,
biospread_omega_v15,AF075,0.26848462224006653,medium,0,0.6001615524291992,1,CLEAR,0.0,
biospread_omega_v15,AC095,0.7327181696891785,medium,1,0.6014086604118347,3,ORACLE_ORANGE,0.0,
biospread_omega_v15,AA435,0.7153052091598511,review,1,0.5018327832221985,4,ORACLE_ORANGE,0.0,
biospread_omega_v15,AB071,0.7428755164146423,review,1,0.5379895269870758,3,ORACLE_ORANGE,0.0,
biospread_omega_v15,AA788,0.3261750340461731,review,0,0.5914867222309113,0,CLEAR,0.0,
biospread_omega_v15,AG106,0.27277684211730957,review,0,0.5986723303794861,0,CLEAR,0.0,
biospread_omega_v15,AB653,0.385152667760849,medium,0,0.6371868848800659,1,CLEAR,0.0,
biospread_omega_v15,AD264,0.608530580997467,review,0,0.5689516365528107,1,ORACLE_ORANGE,0.0,
biospread_omega_v15,AG531,0.2658120095729828,medium,0,0.6208900511264801,0,CLEAR,0.0,
biospread_omega_v15,AB784,0.26827841997146606,medium,0,0.6034164726734161,0,CLEAR,0.0,
biospread_omega_v15,AG431,0.2615261673927307,medium,0,0.6306188404560089,1,CLEAR,0.0,
biospread_omega_v15,AG357,0.26919856667518616,review,0,0.5987009406089783,0,CLEAR,0.0,
biospread_omega_v15,AB966,0.6611642837524414,medium,0,0.6078414916992188,0,ORACLE_ORANGE,0.0,
biospread_omega_v15,AG207,0.6695118546485901,review,0,0.5634653568267822,0,ORACLE_ORANGE,0.0,
biospread_omega_v15,AF030,0.2875872850418091,medium,0,0.6356497406959534,1,CLEAR,0.0,
biospread_omega_v15,AA276,0.7127892374992371,review,1,0.5003537535667419,18,ORACLE_ORANGE,0.0,
biospread_omega_v15,AD261,0.2643788456916809,medium,0,0.6204074025154114,0,CLEAR,0.0,
biospread_omega_v15,AB472,0.2642750144004822,medium,0,0.6215471029281616,0,CLEAR,0.0,
biospread_omega_v15,AE520,0.2672862708568573,medium,0,0.6115173995494843,2,CLEAR,0.0,
biospread_omega_v15,AA609,0.41110682487487793,medium,1,0.6490047574043274,7,CLEAR,0.0,
biospread_omega_v15,AB631,0.7167980074882507,review,1,0.5123617947101593,6,ORACLE_ORANGE,0.0,
biospread_omega_v15,AC641,0.26904425024986267,review,0,0.5996382832527161,0,CLEAR,0.0,
biospread_omega_v15,AF100,0.7184410095214844,review,0,0.5162881016731262,0,ORACLE_ORANGE,0.0,
biospread_omega_v15,AD985,0.2687700092792511,review,0,0.5991182029247284,0,CLEAR,0.0,
biospread_omega_v15,AA279,0.7176195383071899,review,1,0.5057492256164551,9,ORACLE_ORANGE,0.0,
biospread_omega_v15,AF108,0.2710251808166504,medium,0,0.6370344161987305,0,CLEAR,0.0,
biospread_omega_v15,AB978,0.7182849645614624,review,1,0.5054218173027039,3,ORACLE_ORANGE,0.0,
biospread_omega_v15,AF442,0.27813127636909485,review,0,0.5857667326927185,2,CLEAR,0.0,
biospread_omega_v15,AC177,0.2648650109767914,medium,0,0.6086288392543793,1,CLEAR,0.0,
biospread_omega_v15,AA553,0.7169713973999023,review,1,0.49990296363830566,17,ORACLE_ORANGE,0.0,
biospread_omega_v15,AE717,0.6169877648353577,review,0,0.5373825430870056,2,ORACLE_ORANGE,0.0,
biospread_omega_v15,AB621,0.7190614342689514,review,0,0.5183943510055542,2,ORACLE_ORANGE,0.0,
biospread_omega_v15,AG190,0.2576521933078766,medium,0,0.6334348022937775,0,CLEAR,0.0,
biospread_omega_v15,AD357,0.269812673330307,medium,0,0.6088391542434692,0,CLEAR,0.0,
biospread_omega_v15,AA733,0.29899862408638,review,0,0.5842393934726715,1,CLEAR,0.0,
biospread_omega_v15,AB500,0.2659517526626587,medium,0,0.6100791990756989,0,CLEAR,0.0,
biospread_omega_v15,AG419,0.2681373655796051,medium,0,0.6010833978652954,1,CLEAR,0.0,
biospread_omega_v15,AD930,0.2572399079799652,medium,0,0.6316251754760742,2,CLEAR,0.0,
biospread_omega_v15,AA409,0.7184484601020813,review,1,0.5107000172138214,6,ORACLE_ORANGE,0.0,
biospread_omega_v15,AF587,0.26102593541145325,medium,0,0.6102962791919708,0,CLEAR,0.0,
biospread_omega_v15,AC352,0.261503666639328,medium,1,0.6321514248847961,6,CLEAR,0.0,
biospread_omega_v15,AH122,0.27028846740722656,medium,0,0.6125150620937347,1,CLEAR,0.0,
biospread_omega_v15,AB159,0.7140859365463257,review,1,0.5023109912872314,4,ORACLE_ORANGE,0.0,
biospread_omega_v15,AB468,0.3433157205581665,medium,1,0.6322287321090698,7,CLEAR,0.0,
biospread_omega_v15,AC886,0.26803895831108093,medium,0,0.6155005991458893,0,CLEAR,0.0,
biospread_omega_v15,AG224,0.2553124725818634,medium,0,0.6501232981681824,0,CLEAR,0.0,
biospread_omega_v15,AB600,0.7141576409339905,review,0,0.5050635933876038,1,ORACLE_ORANGE,0.0,
biospread_omega_v15,AE407,0.2920113801956177,medium,0,0.6497139930725098,2,CLEAR,0.0,
biospread_omega_v15,AB319,0.35256636142730713,medium,1,0.6322582364082336,3,CLEAR,0.0,
biospread_omega_v15,AF779,0.26919856667518616,review,0,0.5987009406089783,0,CLEAR,0.0,
biospread_omega_v15,AC689,0.6638321280479431,review,0,0.5301710963249207,2,ORACLE_ORANGE,0.0,
biospread_omega_v15,AD311,0.7115752696990967,review,0,0.5202764570713043,1,ORACLE_ORANGE,0.0,
biospread_omega_v15,AC202,0.7414357662200928,review,1,0.5478478968143463,3,ORACLE_ORANGE,0.0,
biospread_omega_v15,AG544,0.2558727562427521,medium,0,0.6327462494373322,0,CLEAR,0.0,
biospread_omega_v15,AC407,0.39502692222595215,medium,0,0.620288610458374,1,CLEAR,0.0,
biospread_omega_v15,AG446,0.29887938499450684,medium,1,0.6306255161762238,7,CLEAR,0.0,
biospread_omega_v15,AB595,0.7162537574768066,review,1,0.5033216178417206,24,ORACLE_ORANGE,0.0,
biospread_omega_v15,AB148,0.35496997833251953,review,1,0.5933023393154144,3,CLEAR,0.0,
biospread_omega_v15,AB646,0.7310763001441956,review,1,0.5707389116287231,6,ORACLE_ORANGE,0.0,
biospread_omega_v15,AD655,0.3575533926486969,medium,0,0.6218212842941284,1,CLEAR,0.0,
biospread_omega_v15,AH299,0.26649239659309387,medium,0,0.6117812991142273,0,CLEAR,0.0,
biospread_omega_v15,AF086,0.5012220144271851,review,0,0.5954982936382294,1,ORACLE_ORANGE,0.0,
biospread_omega_v15,AD603,0.27180832624435425,medium,0,0.6314037442207336,0,CLEAR,0.0,
biospread_omega_v15,AG456,0.28011900186538696,medium,1,0.6213282942771912,4,CLEAR,0.0,
biospread_omega_v15,AE334,0.36417484283447266,medium,1,0.620715856552124,7,CLEAR,0.0,
biospread_omega_v15,AB143,0.3646177351474762,medium,0,0.6341273784637451,1,CLEAR,0.0,
biospread_omega_v15,AG567,0.2756865620613098,review,0,0.591529130935669,0,CLEAR,0.0,
biospread_omega_v15,AB443,0.7066113948822021,review,1,0.5001406967639923,14,ORACLE_ORANGE,0.0,
biospread_omega_v15,AC305,0.7171709537506104,review,1,0.5079275965690613,15,ORACLE_ORANGE,0.0,
biospread_omega_v15,AC462,0.28311794996261597,medium,0,0.6480022370815277,0,CLEAR,0.0,
biospread_omega_v15,AB611,0.26919856667518616,review,0,0.5987009406089783,0,CLEAR,0.0,
biospread_omega_v15,AB735,0.6982659697532654,review,0,0.499403715133667,0,ORACLE_ORANGE,0.0,
biospread_omega_v15,AH493,0.2639212906360626,medium,0,0.612137109041214,0,CLEAR,0.0,
biospread_omega_v15,AB007,0.7183511853218079,review,0,0.5354534983634949,0,ORACLE_ORANGE,0.0,
biospread_omega_v15,AE681,0.2690562307834625,review,0,0.5990734696388245,0,CLEAR,0.0,
biospread_omega_v15,AA970,0.7174814939498901,review,0,0.5569932162761688,1,ORACLE_ORANGE,0.0,
biospread_omega_v15,AA206,0.3290707767009735,medium,0,0.6562000513076782,2,CLEAR,0.0,
biospread_omega_v15,AB507,0.2654798626899719,medium,0,0.6149758100509644,0,CLEAR,0.0,
biospread_omega_v15,AE336,0.26201432943344116,medium,0,0.6234295666217804,0,CLEAR,0.0,
biospread_omega_v15,AA231,0.26755258440971375,medium,0,0.6510991454124451,2,CLEAR,0.0,
biospread_omega_v15,AE792,0.2562238872051239,medium,0,0.639270156621933,2,CLEAR,0.0,
biospread_omega_v15,AG174,0.27007824182510376,medium,0,0.610635906457901,1,CLEAR,0.0,
biospread_omega_v15,AD596,0.26304924488067627,medium,1,0.6103027164936066,3,CLEAR,0.0,
biospread_omega_v15,AB578,0.2806015610694885,medium,0,0.6102419495582581,2,CLEAR,0.0,
biospread_omega_v15,AA798,0.2886246144771576,medium,0,0.6275210976600647,0,CLEAR,0.0,
biospread_omega_v15,AG418,0.2647207975387573,medium,0,0.6138081252574921,1,CLEAR,0.0,
biospread_omega_v15,AB172,0.7195297479629517,review,1,0.5039527118206024,7,ORACLE_ORANGE,0.0,
biospread_omega_v15,AC670,0.717908501625061,review,1,0.5107401907444,6,ORACLE_ORANGE,0.0,
biospread_omega_v15,AG470,0.26603782176971436,medium,0,0.6092045605182648,0,CLEAR,0.0,
biospread_omega_v15,AB673,0.2712636888027191,medium,0,0.6133219599723816,1,CLEAR,0.0,
biospread_omega_v15,AF083,0.27452459931373596,review,0,0.5954562127590179,0,CLEAR,0.0,
biospread_omega_v15,AB131,0.7050858736038208,review,1,0.5347146689891815,5,ORACLE_ORANGE,0.0,
biospread_omega_v15,AF233,0.26572978496551514,medium,0,0.6377423405647278,0,CLEAR,0.0,
biospread_omega_v15,AA062,0.28117015957832336,medium,0,0.653849184513092,1,CLEAR,0.0,
biospread_omega_v15,AD244,0.2997490167617798,medium,0,0.6625683903694153,2,CLEAR,0.0,
biospread_omega_v15,AE599,0.7161651253700256,review,0,0.5099106132984161,2,ORACLE_ORANGE,0.0,
biospread_omega_v15,AE603,0.2810239791870117,medium,1,0.6566459536552429,4,CLEAR,0.0,
biospread_omega_v15,AF344,0.3336995840072632,medium,1,0.6277952492237091,5,CLEAR,0.0,
biospread_omega_v15,AH024,0.265962690114975,medium,0,0.610084593296051,0,CLEAR,0.0,
biospread_omega_v15,AC357,0.7505588531494141,review,1,0.5930238366127014,4,ORACLE_ORANGE,0.0,
biospread_omega_v15,AH061,0.26878151297569275,review,0,0.5989597737789154,0,CLEAR,0.0,
biospread_omega_v15,AF865,0.26464954018592834,medium,0,0.6139847040176392,2,CLEAR,0.0,
biospread_omega_v15,AA936,0.2803950607776642,medium,0,0.6100544035434723,1,CLEAR,0.0,
biospread_omega_v15,AE687,0.3898915648460388,medium,0,0.6642563939094543,1,CLEAR,0.0,
biospread_omega_v15,AF667,0.27011412382125854,medium,0,0.6123334467411041,0,CLEAR,0.0,
biospread_omega_v15,AD103,0.6613154411315918,review,0,0.5978233814239502,0,ORACLE_ORANGE,0.0,
biospread_omega_v15,AC751,0.7264487743377686,review,0,0.5318288207054138,2,ORACLE_ORANGE,0.0,
biospread_omega_v15,AG445,0.5328217148780823,medium,1,0.6470734179019928,6,ORACLE_ORANGE,0.0,
biospread_omega_v15,AA261,0.41167303919792175,medium,0,0.6322448253631592,2,CLEAR,0.0,
biospread_omega_v15,AG252,0.26913896203041077,review,0,0.5997006595134735,0,CLEAR,0.0,
biospread_omega_v15,AG137,0.266297847032547,review,1,0.5999695062637329,3,CLEAR,0.0,
biospread_omega_v15,AA601,0.2768910527229309,review,1,0.5926539301872253,6,CLEAR,0.0,
biospread_omega_v15,AA275,0.7154291868209839,review,1,0.4980156421661377,33,ORACLE_ORANGE,0.0,
biospread_omega_v15,AH119,0.26531365513801575,medium,0,0.6144499778747559,0,CLEAR,0.0,
biospread_omega_v15,AG773,0.26845526695251465,review,0,0.5999917984008789,1,CLEAR,0.0,
biospread_omega_v15,AG001,0.26194143295288086,medium,0,0.6256120204925537,0,CLEAR,0.0,
biospread_omega_v15,AD523,0.2627357244491577,medium,0,0.6126362681388855,0,CLEAR,0.0,
biospread_omega_v15,AC410,0.7174960374832153,review,1,0.5101883709430695,3,ORACLE_ORANGE,0.0,
biospread_omega_v15,AD763,0.2604399025440216,medium,1,0.6161518394947052,3,CLEAR,0.0,
biospread_omega_v15,AG695,0.260226845741272,medium,0,0.6195416450500488,1,CLEAR,0.0,
biospread_omega_v15,AG873,0.26423710584640503,medium,0,0.6107207834720612,1,CLEAR,0.0,
biospread_omega_v15,AE912,0.2597818970680237,medium,0,0.632596880197525,2,CLEAR,0.0,
biospread_omega_v15,AC308,0.756661593914032,review,0,0.5708875358104706,1,ORACLE_ORANGE,0.0,
biospread_omega_v15,AB111,0.2699253559112549,medium,1,0.6086863875389099,10,CLEAR,0.0,
biospread_omega_v15,AD092,0.688805878162384,review,0,0.5404846966266632,1,ORACLE_ORANGE,0.0,
biospread_omega_v15,AB423,0.264583557844162,medium,0,0.6342970430850983,0,CLEAR,0.0,
biospread_omega_v15,AD669,0.7168331146240234,review,1,0.5719920098781586,4,ORACLE_ORANGE,0.0,
biospread_omega_v15,AB040,0.7297855615615845,review,1,0.5148158967494965,19,ORACLE_ORANGE,0.0,
biospread_omega_v15,AD943,0.2616061568260193,medium,0,0.633075475692749,1,CLEAR,0.0,
biospread_omega_v15,AA131,0.7111803293228149,review,0,0.5370479822158813,2,ORACLE_ORANGE,0.0,
biospread_omega_v15,AD425,0.26568204164505005,medium,0,0.6109426021575928,1,CLEAR,0.0,
biospread_omega_v15,AC034,0.26147475838661194,medium,0,0.6247168481349945,0,CLEAR,0.0,
biospread_omega_v15,AB742,0.7125653028488159,review,1,0.5098861157894135,6,ORACLE_ORANGE,0.0,
biospread_omega_v15,AE677,0.2615625858306885,medium,0,0.6136760115623474,0,CLEAR,0.0,
biospread_omega_v15,AB854,0.3530397117137909,medium,1,0.6518541276454926,3,CLEAR,0.0,
biospread_omega_v15,AE579,0.2722543179988861,medium,0,0.6019148230552673,0,CLEAR,0.0,
biospread_omega_v15,AB039,0.726923942565918,review,1,0.5142152905464172,11,ORACLE_ORANGE,0.0,
biospread_omega_v15,AB947,0.7162355780601501,review,1,0.5453652739524841,7,ORACLE_ORANGE,0.0,
biospread_omega_v15,AD833,0.2659517526626587,medium,0,0.6100791990756989,0,CLEAR,0.0,
biospread_omega_v15,AF610,0.7295583486557007,review,0,0.5546317100524902,2,ORACLE_ORANGE,0.0,
biospread_omega_v15,AD369,0.40425774455070496,medium,0,0.6440414786338806,1,CLEAR,0.0,
biospread_omega_v15,AA828,0.7169994115829468,review,1,0.5210106372833252,4,ORACLE_ORANGE,0.0,
biospread_omega_v15,AF420,0.266353577375412,review,0,0.5999748110771179,1,CLEAR,0.0,
biospread_omega_v15,AA372,0.716116726398468,review,1,0.5014227628707886,39,ORACLE_ORANGE,0.0,
biospread_omega_v15,AE635,0.2617127001285553,medium,0,0.6115129292011261,0,CLEAR,0.0,
biospread_omega_v15,AE364,0.26097771525382996,medium,0,0.6237430572509766,0,CLEAR,0.0,
biospread_omega_v15,AA038,0.7170450091362,review,1,0.5004338324069977,35,ORACLE_ORANGE,0.0,
biospread_omega_v15,AB008,0.7110782861709595,review,1,0.5315511524677277,3,ORACLE_ORANGE,0.0,
biospread_omega_v15,AD104,0.26955851912498474,medium,0,0.601877361536026,1,CLEAR,0.0,
biospread_omega_v15,AA840,0.7157396078109741,review,1,0.49892139434814453,9,ORACLE_ORANGE,0.0,
biospread_omega_v15,AA097,0.36521342396736145,medium,0,0.6648200750350952,2,CLEAR,0.0,
biospread_omega_v15,AF912,0.253853976726532,medium,0,0.6225177347660065,0,CLEAR,0.0,
biospread_omega_v15,AG077,0.2923502027988434,medium,0,0.643218457698822,0,CLEAR,0.0,
biospread_omega_v15,AB561,0.7224008440971375,review,1,0.5248928368091583,6,ORACLE_ORANGE,0.0,
biospread_omega_v15,AG256,0.25981608033180237,medium,0,0.6178152561187744,0,CLEAR,0.0,
biospread_omega_v15,AF519,0.2582468092441559,medium,0,0.6340109407901764,0,CLEAR,0.0,
biospread_omega_v15,AH321,0.26896601915359497,medium,0,0.6027210652828217,2,CLEAR,0.0,
biospread_omega_v15,AG645,0.2684609591960907,medium,0,0.6002646386623383,0,CLEAR,0.0,
biospread_omega_v15,AD723,0.5010694265365601,review,0,0.5908243954181671,2,ORACLE_ORANGE,0.0,
biospread_omega_v15,AA850,0.7178511023521423,review,0,0.5064064860343933,2,ORACLE_ORANGE,0.0,
biospread_omega_v15,AG033,0.28526246547698975,medium,0,0.6455881595611572,0,CLEAR,0.0,
biospread_omega_v15,AG800,0.6458452343940735,review,0,0.5907878577709198,1,ORACLE_ORANGE,0.0,
biospread_omega_v15,AA466,0.26229584217071533,medium,0,0.6093448996543884,0,CLEAR,0.0,
biospread_omega_v15,AA357,0.7154359817504883,review,0,0.5009625554084778,0,ORACLE_ORANGE,0.0,
biospread_omega_v15,AA400,0.715117335319519,review,1,0.5034497976303101,4,ORACLE_ORANGE,0.0,
biospread_omega_v15,AA410,0.7199576497077942,review,1,0.5121607780456543,6,ORACLE_ORANGE,0.0,
biospread_omega_v15,AF251,0.264716774225235,medium,0,0.6141296327114105,1,CLEAR,0.0,
biospread_omega_v15,AF908,0.7050647735595703,medium,1,0.6361674666404724,5,ORACLE_ORANGE,0.0,
biospread_omega_v15,AC624,0.26567697525024414,medium,0,0.611690878868103,2,CLEAR,0.0,
biospread_omega_v15,AG390,0.3024255335330963,review,0,0.5897147059440613,2,CLEAR,0.0,
biospread_omega_v15,AC969,0.717280387878418,review,1,0.5059853494167328,4,ORACLE_ORANGE,0.0,
biospread_omega_v15,AD100,0.7163563370704651,review,1,0.5052696764469147,8,ORACLE_ORANGE,0.0,
biospread_omega_v15,AF535,0.27785947918891907,review,1,0.5856762230396271,3,CLEAR,0.0,
biospread_omega_v15,AB976,0.716809093952179,review,0,0.5113159418106079,0,ORACLE_ORANGE,0.0,
biospread_omega_v15,AB338,0.7604455351829529,medium,1,0.6297607421875,5,ORACLE_ORANGE,0.0,
biospread_omega_v15,AF409,0.26878151297569275,review,0,0.5989597737789154,0,CLEAR,0.0,
biospread_omega_v15,AE623,0.3397183120250702,medium,0,0.62766233086586,0,CLEAR,0.0,
biospread_omega_v15,AD335,0.6074314713478088,review,1,0.5430182814598083,8,ORACLE_ORANGE,0.0,
biospread_omega_v15,AF111,0.26466795802116394,medium,0,0.6137893199920654,1,CLEAR,0.0,
biospread_omega_v15,AA003,0.7180299162864685,review,0,0.5256007611751556,2,ORACLE_ORANGE,0.0,
biospread_omega_v15,AH410,0.2687969505786896,review,0,0.5988650918006897,0,CLEAR,0.0,
biospread_omega_v15,AD645,0.2749989926815033,medium,1,0.6493771076202393,3,CLEAR,0.0,
biospread_omega_v15,AD644,0.3742125630378723,medium,1,0.6192416846752167,3,CLEAR,0.0,
biospread_omega_v15,AD452,0.3025795817375183,review,1,0.5834774374961853,4,CLEAR,0.0,
biospread_omega_v15,AF552,0.27216142416000366,review,0,0.5985926389694214,0,CLEAR,0.0,
biospread_omega_v15,AF170,0.2599063217639923,medium,0,0.6169604659080505,1,CLEAR,0.0,
biospread_omega_v15,AG279,0.2612868845462799,medium,0,0.6195934414863586,0,CLEAR,0.0,
biospread_omega_v15,AE264,0.7151651978492737,review,1,0.5268466770648956,4,ORACLE_ORANGE,0.0,
biospread_omega_v15,AD407,0.26535436511039734,medium,0,0.6335906982421875,2,CLEAR,0.0,
biospread_omega_v15,AB779,0.27605748176574707,medium,0,0.6082838773727417,0,CLEAR,0.0,
biospread_omega_v15,AE050,0.7152816653251648,review,1,0.5101518630981445,4,ORACLE_ORANGE,0.0,
biospread_omega_v15,AE698,0.2755356431007385,medium,0,0.6007327437400818,2,CLEAR,0.0,
biospread_omega_v15,AB641,0.6563189625740051,medium,0,0.601611852645874,1,ORACLE_ORANGE,0.0,
biospread_omega_v15,AA680,0.26998433470726013,medium,0,0.6026276350021362,2,CLEAR,0.0,
biospread_omega_v15,AF258,0.2735709547996521,review,0,0.5987629592418671,0,CLEAR,0.0,
biospread_omega_v15,AC247,0.7221747636795044,review,1,0.5259431302547455,14,ORACLE_ORANGE,0.0,
biospread_omega_v15,AB730,0.6818769574165344,review,0,0.5879368484020233,1,ORACLE_ORANGE,0.0,
biospread_omega_v15,AG850,0.26885467767715454,review,0,0.5997068881988525,0,CLEAR,0.0,
biospread_omega_v15,AE644,0.31043726205825806,medium,1,0.6335616409778595,6,CLEAR,0.0,
biospread_omega_v15,AD301,0.4133867025375366,medium,1,0.6028551757335663,4,CLEAR,0.0,
biospread_omega_v15,AG602,0.26939451694488525,review,0,0.5994206964969635,0,CLEAR,0.0,
biospread_omega_v15,AE622,0.4266817569732666,medium,0,0.6124045848846436,2,CLEAR,0.0,
biospread_omega_v15,AA778,0.26454418897628784,medium,0,0.6134103238582611,1,CLEAR,0.0,
biospread_omega_v15,AA011,0.7160744667053223,review,0,0.5147978365421295,2,ORACLE_ORANGE,0.0,
biospread_omega_v15,AD548,0.47648078203201294,review,0,0.594596803188324,1,CLEAR,0.0,
biospread_omega_v15,AA871,0.2700348496437073,review,0,0.5989892184734344,0,CLEAR,0.0,
biospread_omega_v15,AG367,0.2768173813819885,review,0,0.5851298868656158,1,CLEAR,0.0,
biospread_omega_v15,AE849,0.2683250606060028,medium,0,0.621762752532959,2,CLEAR,0.0,
biospread_omega_v15,AC563,0.3628498911857605,medium,0,0.6658534705638885,1,CLEAR,0.0,
biospread_omega_v15,AF044,0.7135010957717896,review,0,0.5085440278053284,0,ORACLE_ORANGE,0.0,
biospread_omega_v15,AD279,0.7181312441825867,review,1,0.5270416438579559,7,ORACLE_ORANGE,0.0,
biospread_omega_v15,AD145,0.26569971442222595,medium,0,0.6069279909133911,0,CLEAR,0.0,
biospread_omega_v15,AC330,0.31002989411354065,medium,0,0.6623063683509827,0,CLEAR,0.0,
biospread_omega_v15,AE704,0.2610929608345032,medium,0,0.6271747946739197,2,CLEAR,0.0,
biospread_omega_v15,AH080,0.27397337555885315,review,0,0.5919651091098785,1,CLEAR,0.0,
biospread_omega_v15,AD495,0.2784026861190796,review,1,0.5861676335334778,3,CLEAR,0.0,
biospread_omega_v15,AG641,0.2707349956035614,medium,0,0.6018738746643066,0,CLEAR,0.0,
biospread_omega_v15,AF520,0.257019966840744,medium,0,0.6410873532295227,0,CLEAR,0.0,
biospread_omega_v15,AG555,0.2639651298522949,medium,0,0.6222845315933228,0,CLEAR,0.0,
biospread_omega_v15,AB612,0.26517602801322937,medium,0,0.6072710752487183,0,CLEAR,0.0,
biospread_omega_v15,AC839,0.26180529594421387,medium,0,0.6199094951152802,1,CLEAR,0.0,
biospread_omega_v15,AE249,0.7194210886955261,review,1,0.5111688077449799,5,ORACLE_ORANGE,0.0,
biospread_omega_v15,AB304,0.3581690192222595,review,0,0.589575856924057,2,CLEAR,0.0,
biospread_omega_v15,AD917,0.70096355676651,review,1,0.5078491568565369,7,ORACLE_ORANGE,0.0,
biospread_omega_v15,AF225,0.6933156251907349,review,1,0.5508323609828949,5,ORACLE_ORANGE,0.0,
biospread_omega_v15,AB769,0.261009156703949,medium,0,0.6259936094284058,0,CLEAR,0.0,
biospread_omega_v15,AD161,0.7102307677268982,review,0,0.5086502432823181,0,ORACLE_ORANGE,0.0,
biospread_omega_v15,AG748,0.2655639946460724,medium,0,0.6013519167900085,1,CLEAR,0.0,
biospread_omega_v15,AB912,0.29732704162597656,review,1,0.5841035544872284,4,CLEAR,0.0,
biospread_omega_v15,AB045,0.7211610674858093,review,1,0.5050237476825714,18,ORACLE_ORANGE,0.0,
biospread_omega_v15,AF484,0.2661518454551697,medium,0,0.6143326759338379,0,CLEAR,0.0,
biospread_omega_v15,AE319,0.38839754462242126,medium,0,0.6106631457805634,2,CLEAR,0.0,
biospread_omega_v15,AF586,0.26708969473838806,medium,0,0.6083121597766876,0,CLEAR,0.0,
biospread_omega_v15,AA331,0.7269660830497742,review,1,0.5393098294734955,11,ORACLE_ORANGE,0.0,
biospread_omega_v15,AB169,0.7160637974739075,review,1,0.5143171548843384,8,ORACLE_ORANGE,0.0,
biospread_omega_v15,AA457,0.7189266681671143,review,1,0.5090486407279968,12,ORACLE_ORANGE,0.0,
biospread_omega_v15,AB787,0.26482757925987244,medium,0,0.6232227981090546,0,CLEAR,0.0,
biospread_omega_v15,AA162,0.7157641053199768,review,1,0.5064774453639984,17,ORACLE_ORANGE,0.0,
biospread_omega_v15,AC313,0.71073317527771,review,1,0.5056299865245819,5,ORACLE_ORANGE,0.0,
biospread_omega_v15,AE684,0.26550164818763733,medium,0,0.6095842123031616,0,CLEAR,0.0,
biospread_omega_v15,AD889,0.27037104964256287,medium,0,0.6493669748306274,2,CLEAR,0.0,
biospread_omega_v15,AA998,0.7154874801635742,review,1,0.4988287091255188,23,ORACLE_ORANGE,0.0,
biospread_omega_v15,AC566,0.32908618450164795,medium,0,0.6505720913410187,2,CLEAR,0.0,
biospread_omega_v15,AG532,0.2703186571598053,medium,0,0.6107470095157623,0,CLEAR,0.0,
biospread_omega_v15,AD488,0.7141482830047607,review,1,0.5043373703956604,9,ORACLE_ORANGE,0.0,
biospread_omega_v15,AF503,0.2835231125354767,medium,0,0.6291407644748688,2,CLEAR,0.0,
biospread_omega_v15,AH216,0.265420138835907,medium,0,0.6102238595485687,0,CLEAR,0.0,
biospread_omega_v15,AA759,0.6563163995742798,review,0,0.5784729719161987,0,ORACLE_ORANGE,0.0,
biospread_omega_v15,AA656,0.6568742990493774,review,0,0.5232302248477936,2,ORACLE_ORANGE,0.0,
biospread_omega_v15,AA767,0.714613139629364,review,0,0.5045284330844879,2,ORACLE_ORANGE,0.0,
biospread_omega_v15,AD751,0.2608066201210022,medium,0,0.6295439004898071,2,CLEAR,0.0,
biospread_omega_v15,AG461,0.29422783851623535,review,0,0.5755951404571533,2,CLEAR,0.0,
biospread_omega_v15,AB285,0.27564558386802673,review,0,0.591749906539917,0,CLEAR,0.0,
biospread_omega_v15,AA764,0.7154614329338074,review,1,0.508979856967926,5,ORACLE_ORANGE,0.0,
biospread_omega_v15,AG972,0.26750245690345764,medium,0,0.6058647036552429,1,CLEAR,0.0,
biospread_omega_v15,AG082,0.26851943135261536,medium,0,0.6009098589420319,0,CLEAR,0.0,
biospread_omega_v15,AB286,0.27391958236694336,review,0,0.5862410664558411,1,CLEAR,0.0,
biospread_omega_v15,AC556,0.2933880388736725,medium,0,0.6603882312774658,0,CLEAR,0.0,
biospread_omega_v15,AC543,0.5873042345046997,medium,0,0.6643055081367493,1,ORACLE_ORANGE,0.0,
biospread_omega_v15,AC171,0.2518090009689331,medium,0,0.6415148973464966,0,CLEAR,0.0,
biospread_omega_v15,AC204,0.6310089826583862,review,0,0.5421971678733826,0,ORACLE_ORANGE,0.0,
biospread_omega_v15,AA082,0.26995959877967834,medium,0,0.6208488047122955,0,CLEAR,0.0,
biospread_omega_v15,AG653,0.2761223018169403,review,0,0.5877006947994232,1,CLEAR,0.0,
biospread_omega_v15,AD536,0.28810402750968933,medium,0,0.6289272010326385,2,CLEAR,0.0,
biospread_omega_v15,AF524,0.27103036642074585,medium,1,0.6068217158317566,3,CLEAR,0.0,
biospread_omega_v15,AC930,0.26675617694854736,review,0,0.5995049178600311,1,CLEAR,0.0,
biospread_omega_v15,AD973,0.34208106994628906,medium,0,0.6185161471366882,2,CLEAR,0.0,
biospread_omega_v15,AD949,0.26315638422966003,medium,0,0.6410917341709137,1,CLEAR,0.0,
biospread_omega_v15,AF034,0.261091947555542,medium,1,0.6312526166439056,3,CLEAR,0.0,
biospread_omega_v15,AF250,0.4489358961582184,review,1,0.587944895029068,3,CLEAR,0.0,
biospread_omega_v15,AF960,0.269593745470047,review,0,0.5993871092796326,0,CLEAR,0.0,
biospread_omega_v15,AA771,0.26828545331954956,medium,0,0.6214829683303833,1,CLEAR,0.0,
biospread_omega_v15,AE832,0.2583513855934143,medium,0,0.6315573155879974,0,CLEAR,0.0,
biospread_omega_v15,AF571,0.7518754005432129,review,1,0.59541255235672,7,ORACLE_ORANGE,0.0,
biospread_omega_v15,AC767,0.4408140778541565,medium,0,0.6795152723789215,1,CLEAR,0.0,
biospread_omega_v15,AA783,0.7178919911384583,review,1,0.5480729639530182,3,ORACLE_ORANGE,0.0,
biospread_omega_v15,AF479,0.6867833137512207,medium,1,0.6395653784275055,4,ORACLE_ORANGE,0.0,
biospread_omega_v15,AG571,0.26922932267189026,review,0,0.5994627177715302,0,CLEAR,0.0,
biospread_omega_v15,AC431,0.7273488640785217,review,1,0.5154485404491425,15,ORACLE_ORANGE,0.0,
biospread_omega_v15,AF547,0.2859799265861511,medium,0,0.6506472527980804,1,CLEAR,0.0,
biospread_omega_v15,AE945,0.2779877781867981,medium,0,0.6571627855300903,0,CLEAR,0.0,
biospread_omega_v15,AA832,0.7276208400726318,review,0,0.5230907201766968,1,ORACLE_ORANGE,0.0,
biospread_omega_v15,AD560,0.3054425120353699,medium,0,0.6331635415554047,2,CLEAR,0.0,
biospread_omega_v15,AG151,0.27397799491882324,review,0,0.5861968398094177,0,CLEAR,0.0,
biospread_omega_v15,AD444,0.7510377764701843,review,1,0.5527514517307281,4,ORACLE_ORANGE,0.0,
biospread_omega_v15,AA664,0.7111431956291199,review,0,0.49464136362075806,1,ORACLE_ORANGE,0.0,
biospread_omega_v15,AG426,0.26649239659309387,medium,0,0.6117812991142273,0,CLEAR,0.0,
biospread_omega_v15,AA123,0.7049440741539001,review,1,0.5034425556659698,11,ORACLE_ORANGE,0.0,
biospread_omega_v15,AC260,0.713709831237793,review,0,0.5057983100414276,1,ORACLE_ORANGE,0.0,
biospread_omega_v15,AG888,0.2665151059627533,medium,0,0.6126750409603119,0,CLEAR,0.0,
biospread_omega_v15,AG511,0.26205089688301086,medium,0,0.6283912658691406,2,CLEAR,0.0,
biospread_omega_v15,AA756,0.6276388168334961,review,1,0.5763971209526062,4,ORACLE_ORANGE,0.0,
biospread_omega_v15,AF353,0.26180410385131836,medium,0,0.611206442117691,0,CLEAR,0.0,
biospread_omega_v15,AC120,0.7167624831199646,review,1,0.5041691660881042,22,ORACLE_ORANGE,0.0,
biospread_omega_v15,AE821,0.7232436537742615,review,1,0.5243306457996368,5,ORACLE_ORANGE,0.0,
biospread_omega_v15,AE893,0.29453015327453613,medium,0,0.6289542019367218,1,CLEAR,0.0,
biospread_omega_v15,AC111,0.2603822648525238,medium,1,0.6190905272960663,10,CLEAR,0.0,
biospread_omega_v15,AH174,0.3097505271434784,review,0,0.590109646320343,1,CLEAR,0.0,
biospread_omega_v15,AA201,0.6646643280982971,review,1,0.5743127763271332,4,ORACLE_ORANGE,0.0,
biospread_omega_v15,AD391,0.26922932267189026,review,0,0.5994627177715302,0,CLEAR,0.0,
biospread_omega_v15,AB656,0.2655613124370575,medium,0,0.6183396577835083,1,CLEAR,0.0,
biospread_omega_v15,AA736,0.2855420708656311,medium,1,0.6330683827400208,4,CLEAR,0.0,
biospread_omega_v15,AD616,0.26550164818763733,medium,0,0.6095842123031616,0,CLEAR,0.0,
biospread_omega_v15,AC951,0.29288530349731445,medium,1,0.6388615965843201,4,CLEAR,0.0,
biospread_omega_v15,AD942,0.2696104049682617,medium,0,0.6037757098674774,0,CLEAR,0.0,
biospread_omega_v15,AB267,0.7233608961105347,review,1,0.5466602742671967,8,ORACLE_ORANGE,0.0,
biospread_omega_v15,AB528,0.7164397835731506,review,1,0.5864724516868591,6,ORACLE_ORANGE,0.0,
biospread_omega_v15,AE686,0.31075870990753174,medium,0,0.6724502146244049,0,CLEAR,0.0,
biospread_omega_v15,AF454,0.7249466776847839,review,1,0.5246148705482483,3,ORACLE_ORANGE,0.0,
biospread_omega_v15,AE108,0.7197130918502808,review,0,0.5069431364536285,1,ORACLE_ORANGE,0.0,
biospread_omega_v15,AA229,0.2654975950717926,medium,0,0.6471024453639984,1,CLEAR,0.0,
biospread_omega_v15,AC587,0.6968531608581543,review,1,0.5084087252616882,3,ORACLE_ORANGE,0.0,
biospread_omega_v15,AG206,0.26097387075424194,medium,0,0.6104527711868286,0,CLEAR,0.0,
biospread_omega_v15,AC766,0.7040224075317383,medium,0,0.6183162033557892,1,ORACLE_ORANGE,0.0,
biospread_omega_v15,AD595,0.2615155875682831,medium,0,0.6087452173233032,0,CLEAR,0.0,
biospread_omega_v15,AC553,0.2962314188480377,medium,0,0.6606274545192719,2,CLEAR,0.0,
biospread_omega_v15,AA390,0.269336462020874,review,0,0.5986413061618805,0,CLEAR,0.0,
biospread_omega_v15,AB427,0.25543615221977234,medium,0,0.6301351189613342,1,CLEAR,0.0,
biospread_omega_v15,AB889,0.713778555393219,review,0,0.5255375504493713,1,ORACLE_ORANGE,0.0,
biospread_omega_v15,AG573,0.2561967670917511,medium,0,0.6238178014755249,1,CLEAR,0.0,
biospread_omega_v15,AD216,0.3319189250469208,medium,1,0.6246903240680695,3,CLEAR,0.0,
biospread_omega_v15,AE441,0.25754794478416443,medium,0,0.6461795270442963,0,CLEAR,0.0,
biospread_omega_v15,AA035,0.7205334901809692,review,1,0.5100287199020386,16,ORACLE_ORANGE,0.0,
biospread_omega_v15,AE539,0.6436489224433899,review,0,0.5151978731155396,2,ORACLE_ORANGE,0.0,
biospread_omega_v15,AA951,0.628815770149231,review,0,0.5026242434978485,2,ORACLE_ORANGE,0.0,
biospread_omega_v15,AB802,0.2558240592479706,medium,0,0.6292766034603119,0,CLEAR,0.0,
biospread_omega_v15,AA046,0.7155988812446594,review,1,0.49879491329193115,17,ORACLE_ORANGE,0.0,
biospread_omega_v15,AE213,0.3638230562210083,medium,0,0.6188705265522003,1,CLEAR,0.0,
biospread_omega_v15,AE709,0.2628108561038971,medium,0,0.6105072498321533,0,CLEAR,0.0,
biospread_omega_v15,AA175,0.7148117423057556,review,1,0.5006402730941772,19,ORACLE_ORANGE,0.0,
biospread_omega_v15,AA040,0.7159945368766785,review,0,0.5030213594436646,0,ORACLE_ORANGE,0.0,
biospread_omega_v15,AC680,0.6383255124092102,review,0,0.5327347218990326,2,ORACLE_ORANGE,0.0,
biospread_omega_v15,AB648,0.2725182771682739,medium,0,0.6126887202262878,1,CLEAR,0.0,
biospread_omega_v15,AF882,0.2703110873699188,medium,0,0.6396697461605072,1,CLEAR,0.0,
biospread_omega_v15,AF265,0.268206924200058,review,0,0.5991982221603394,2,CLEAR,0.0,
biospread_omega_v15,AA707,0.6043243408203125,review,0,0.5923076272010803,1,ORACLE_ORANGE,0.0,
biospread_omega_v15,AB720,0.7038765549659729,review,1,0.5031279027462006,8,ORACLE_ORANGE,0.0,
biospread_omega_v15,AC508,0.712823212146759,review,1,0.5076177418231964,3,ORACLE_ORANGE,0.0,
biospread_omega_v15,AA938,0.2673438787460327,medium,1,0.602846771478653,5,CLEAR,0.0,
biospread_omega_v15,AA579,0.7299126982688904,review,1,0.5197737812995911,34,ORACLE_ORANGE,0.0,
biospread_omega_v15,AC532,0.2690575420856476,medium,0,0.6008731722831726,0,CLEAR,0.0,
biospread_omega_v15,AD282,0.2797220051288605,medium,0,0.6489327251911163,1,CLEAR,0.0,
biospread_omega_v15,AA274,0.7195131778717041,review,1,0.5073171854019165,21,ORACLE_ORANGE,0.0,
biospread_omega_v15,AE052,0.7118638753890991,review,0,0.5182645916938782,0,ORACLE_ORANGE,0.0,
biospread_omega_v15,AC490,0.4052512049674988,medium,0,0.6346482932567596,2,CLEAR,0.0,
biospread_omega_v15,AE448,0.26803895831108093,medium,0,0.6155005991458893,0,CLEAR,0.0,
biospread_omega_v15,AD465,0.3207157552242279,medium,1,0.6489658057689667,15,CLEAR,0.0,
biospread_omega_v15,AB628,0.7235583066940308,review,1,0.5294438600540161,7,ORACLE_ORANGE,0.0,
biospread_omega_v15,AH008,0.27012303471565247,medium,0,0.6099070012569427,0,CLEAR,0.0,
biospread_omega_v15,AD280,0.7088363766670227,review,1,0.557174026966095,9,ORACLE_ORANGE,0.0,
biospread_omega_v15,AC269,0.2651122808456421,medium,0,0.6116226315498352,1,CLEAR,0.0,
biospread_omega_v15,AC333,0.715992271900177,review,1,0.504510223865509,14,ORACLE_ORANGE,0.0,
biospread_omega_v15,AB702,0.7137753367424011,review,1,0.5066923499107361,7,ORACLE_ORANGE,0.0,
biospread_omega_v15,AA084,0.7182326912879944,review,0,0.5109245181083679,1,ORACLE_ORANGE,0.0,
biospread_omega_v15,AD102,0.47097718715667725,medium,0,0.6675520241260529,0,CLEAR,0.0,
biospread_omega_v15,AC344,0.2973329424858093,review,1,0.5807803869247437,7,CLEAR,0.0,
biospread_omega_v15,AC586,0.3755328953266144,medium,1,0.6082329750061035,4,CLEAR,0.0,
biospread_omega_v15,AH230,0.2685798108577728,medium,0,0.6075403690338135,0,CLEAR,0.0,
biospread_omega_v15,AA885,0.4008406698703766,medium,1,0.6323492527008057,5,CLEAR,0.0,
biospread_omega_v15,AD463,0.26503199338912964,medium,0,0.613127589225769,1,CLEAR,0.0,
biospread_omega_v15,AD445,0.283223420381546,medium,0,0.6013604700565338,0,CLEAR,0.0,
biospread_omega_v15,AC129,0.7186528444290161,review,1,0.5361973643302917,15,ORACLE_ORANGE,0.0,
biospread_omega_v15,AA567,0.2664099931716919,review,0,0.5996383130550385,2,CLEAR,0.0,
biospread_omega_v15,AE871,0.26550164818763733,medium,0,0.6095842123031616,0,CLEAR,0.0,
biospread_omega_v15,AC975,0.26628372073173523,medium,0,0.6104511916637421,0,CLEAR,0.0,
biospread_omega_v15,AF437,0.26278048753738403,medium,0,0.6197371184825897,0,CLEAR,0.0,
biospread_omega_v15,AG953,0.27190378308296204,medium,0,0.6028837263584137,0,CLEAR,0.0,
biospread_omega_v15,AC209,0.7013043761253357,review,0,0.5088473558425903,0,ORACLE_ORANGE,0.0,
biospread_omega_v15,AB575,0.2671411633491516,medium,1,0.6038826406002045,5,CLEAR,0.0,
biospread_omega_v15,AE705,0.2611118257045746,medium,0,0.626713365316391,0,CLEAR,0.0,
biospread_omega_v15,AD546,0.3314597010612488,review,1,0.585991382598877,3,CLEAR,0.0,
biospread_omega_v15,AG118,0.2658734917640686,medium,0,0.6107919812202454,1,CLEAR,0.0,
biospread_omega_v15,AD299,0.28274476528167725,medium,0,0.6185698807239532,1,CLEAR,0.0,
biospread_omega_v15,AC281,0.713250458240509,review,1,0.5075092315673828,3,ORACLE_ORANGE,0.0,
biospread_omega_v15,AC672,0.7163599133491516,review,0,0.5097145140171051,2,ORACLE_ORANGE,0.0,
biospread_omega_v15,AD575,0.27592766284942627,medium,1,0.6035710275173187,7,CLEAR,0.0,
biospread_omega_v15,AF672,0.2617175281047821,medium,0,0.6115164756774902,0,CLEAR,0.0,
biospread_omega_v15,AA367,0.7183540463447571,review,0,0.5205009281635284,2,ORACLE_ORANGE,0.0,
biospread_omega_v15,AF288,0.30888310074806213,review,1,0.591041088104248,3,CLEAR,0.0,
biospread_omega_v15,AE310,0.5742818117141724,medium,0,0.660301148891449,2,ORACLE_ORANGE,0.0,
biospread_omega_v15,AG007,0.3825305700302124,medium,0,0.6251074969768524,0,CLEAR,0.0,
biospread_omega_v15,AA661,0.6745563745498657,review,1,0.526833176612854,5,ORACLE_ORANGE,0.0,
biospread_omega_v15,AD182,0.27042102813720703,medium,1,0.6038424968719482,3,CLEAR,0.0,
biospread_omega_v15,AC601,0.2649521231651306,medium,1,0.6161015033721924,6,CLEAR,0.0,
biospread_omega_v15,AC801,0.269336462020874,review,0,0.5986413061618805,0,CLEAR,0.0,
biospread_omega_v15,AD168,0.7090986371040344,review,1,0.49645543098449707,5,ORACLE_ORANGE,0.0,
biospread_omega_v15,AB979,0.7339145541191101,review,1,0.5287228524684906,4,ORACLE_ORANGE,0.0,
biospread_omega_v15,AA851,0.7170332670211792,review,1,0.5044769942760468,10,ORACLE_ORANGE,0.0,
biospread_omega_v15,AA818,0.7317079305648804,review,1,0.5505529642105103,3,ORACLE_ORANGE,0.0,
biospread_omega_v15,AE361,0.2696082293987274,review,0,0.5986049175262451,0,CLEAR,0.0,
biospread_omega_v15,AA425,0.7250235676765442,review,1,0.5274339318275452,10,ORACLE_ORANGE,0.0,
biospread_omega_v15,AC297,0.7132623791694641,review,1,0.50099116563797,4,ORACLE_ORANGE,0.0,
biospread_omega_v15,AF815,0.2735709547996521,review,0,0.5987629592418671,0,CLEAR,0.0,
biospread_omega_v15,AB932,0.26946356892585754,medium,1,0.61834517121315,4,CLEAR,0.0,
biospread_omega_v15,AG640,0.7599967122077942,review,1,0.572202056646347,7,ORACLE_ORANGE,0.0,
biospread_omega_v15,AB724,0.5043027997016907,medium,1,0.6829801797866821,7,ORACLE_ORANGE,0.0,
biospread_omega_v15,AA043,0.7255686521530151,review,0,0.5230529308319092,1,ORACLE_ORANGE,0.0,
biospread_omega_v15,AD692,0.2662225067615509,medium,0,0.6002578735351562,1,CLEAR,0.0,
biospread_omega_v15,AC638,0.28440818190574646,medium,0,0.6050226390361786,2,CLEAR,0.0,
biospread_omega_v15,AH071,0.2646353244781494,medium,0,0.6077700853347778,0,CLEAR,0.0,
biospread_omega_v15,AD859,0.2998526990413666,review,1,0.5777519345283508,8,CLEAR,0.0,
biospread_omega_v15,AA659,0.3279840052127838,medium,1,0.6387914419174194,4,CLEAR,0.0,
biospread_omega_v15,AE433,0.26603269577026367,medium,0,0.6092021763324738,0,CLEAR,0.0,
biospread_omega_v15,AB566,0.2727011740207672,review,0,0.5983158946037292,0,CLEAR,0.0,
biospread_omega_v15,AB110,0.7441498041152954,medium,1,0.6040491759777069,7,ORACLE_ORANGE,0.0,
biospread_omega_v15,AB655,0.266019344329834,medium,0,0.6111282706260681,0,CLEAR,0.0,
biospread_omega_v15,AE697,0.2694835960865021,medium,1,0.6022444665431976,4,CLEAR,0.0,
biospread_omega_v15,AE982,0.30339515209198,review,1,0.5833308696746826,4,CLEAR,0.0,
biospread_omega_v15,AE793,0.2662554383277893,medium,1,0.600098580121994,3,CLEAR,0.0,
biospread_omega_v15,AA183,0.7449425458908081,review,1,0.5851567685604095,11,ORACLE_ORANGE,0.0,
biospread_omega_v15,AD142,0.2611646354198456,medium,0,0.6235146224498749,0,CLEAR,0.0,
biospread_omega_v15,AA336,0.7164610028266907,review,1,0.5013973414897919,25,ORACLE_ORANGE,0.0,
biospread_omega_v15,AA730,0.268169641494751,medium,0,0.6018566191196442,2,CLEAR,0.0,
biospread_omega_v15,AD385,0.26366570591926575,medium,0,0.6527091860771179,0,CLEAR,0.0,
biospread_omega_v15,AC978,0.7247096300125122,review,1,0.5282300710678101,14,ORACLE_ORANGE,0.0,
biospread_omega_v15,AE538,0.7654052376747131,medium,1,0.6076019108295441,9,ORACLE_ORANGE,0.0,
biospread_omega_v15,AC516,0.2782869338989258,medium,0,0.6290664076805115,1,CLEAR,0.0,
biospread_omega_v15,AA842,0.7148044109344482,review,1,0.5039037764072418,5,ORACLE_ORANGE,0.0,
biospread_omega_v15,AA473,0.714779794216156,review,1,0.4989488124847412,13,ORACLE_ORANGE,0.0,
biospread_omega_v15,AD370,0.6300479173660278,review,0,0.5657134056091309,1,ORACLE_ORANGE,0.0,
biospread_omega_v15,AB923,0.7186743021011353,review,0,0.5136890411376953,1,ORACLE_ORANGE,0.0,
biospread_omega_v15,AE602,0.2597602307796478,medium,0,0.6303500831127167,0,CLEAR,0.0,
biospread_omega_v15,AA184,0.7232107520103455,review,1,0.5177779793739319,4,ORACLE_ORANGE,0.0,
biospread_omega_v15,AA304,0.7248015999794006,review,1,0.514649361371994,14,ORACLE_ORANGE,0.0,
biospread_omega_v15,AC562,0.5796314477920532,medium,0,0.624755859375,2,ORACLE_ORANGE,0.0,
biospread_omega_v15,AA626,0.6244440674781799,medium,1,0.6617958247661591,6,ORACLE_ORANGE,0.0,
biospread_omega_v15,AE971,0.28472408652305603,medium,0,0.6349492371082306,2,CLEAR,0.0,
biospread_omega_v15,AC623,0.38314878940582275,medium,1,0.6315599083900452,3,CLEAR,0.0,
biospread_omega_v15,AA827,0.7159425616264343,review,1,0.5128243267536163,6,ORACLE_ORANGE,0.0,
biospread_omega_v15,AE729,0.261392205953598,medium,0,0.6148754954338074,1,CLEAR,0.0,
biospread_omega_v15,AF706,0.7059934139251709,review,1,0.5047234296798706,4,ORACLE_ORANGE,0.0,
biospread_omega_v15,AA770,0.7203938364982605,review,0,0.5167495012283325,2,ORACLE_ORANGE,0.0,
biospread_omega_v15,AA919,0.7128864526748657,review,1,0.494295597076416,10,ORACLE_ORANGE,0.0,
biospread_omega_v15,AD255,0.28335660696029663,medium,0,0.6025903820991516,0,CLEAR,0.0,
biospread_omega_v15,AA026,0.7203510999679565,review,1,0.507056325674057,8,ORACLE_ORANGE,0.0,
biospread_omega_v15,AE257,0.31596025824546814,medium,0,0.6348091661930084,0,CLEAR,0.0,
biospread_omega_v15,AB859,0.331443190574646,medium,1,0.6451027691364288,4,CLEAR,0.0,
biospread_omega_v15,AE124,0.27283182740211487,medium,0,0.6122178435325623,1,CLEAR,0.0,
biospread_omega_v15,AB756,0.7183690071105957,review,1,0.514834076166153,13,ORACLE_ORANGE,0.0,
biospread_omega_v15,AC319,0.51816725730896,review,1,0.5537237524986267,3,ORACLE_ORANGE,0.0,
biospread_omega_v15,AB241,0.34057801961898804,medium,1,0.6415621340274811,12,CLEAR,0.0,
biospread_omega_v15,AC753,0.6127835512161255,review,0,0.531108170747757,2,ORACLE_ORANGE,0.0,
biospread_omega_v15,AA543,0.7156686186790466,review,1,0.4983181953430176,9,ORACLE_ORANGE,0.0,
biospread_omega_v15,AA551,0.7155174016952515,review,1,0.4976893663406372,17,ORACLE_ORANGE,0.0,
biospread_omega_v15,AC409,0.2901834547519684,medium,0,0.6334250867366791,2,CLEAR,0.0,
biospread_omega_v15,AA536,0.7051811218261719,review,0,0.49871158599853516,2,ORACLE_ORANGE,0.0,
biospread_omega_v15,AC301,0.715187668800354,review,0,0.4981577396392822,0,ORACLE_ORANGE,0.0,
biospread_omega_v15,AD201,0.2694586515426636,review,0,0.5988216400146484,0,CLEAR,0.0,
biospread_omega_v15,AB767,0.26415202021598816,medium,0,0.6107983589172363,0,CLEAR,0.0,
biospread_omega_v15,AH166,0.26436126232147217,medium,0,0.6089670658111572,1,CLEAR,0.0,
biospread_omega_v15,AG003,0.26427751779556274,medium,0,0.6232476532459259,2,CLEAR,0.0,
biospread_omega_v15,AC633,0.2964804172515869,review,0,0.5721886456012726,2,CLEAR,0.0,
biospread_omega_v15,AA977,0.7453855872154236,review,1,0.5479951500892639,25,ORACLE_ORANGE,0.0,
biospread_omega_v15,AB567,0.25884246826171875,medium,0,0.6488806307315826,2,CLEAR,0.0,
biospread_omega_v15,AC762,0.2596666216850281,medium,0,0.6400512158870697,0,CLEAR,0.0,
biospread_omega_v15,AE601,0.6952114105224609,review,0,0.5132773816585541,0,ORACLE_ORANGE,0.0,
biospread_omega_v15,AB054,0.2809520363807678,medium,1,0.6103716194629669,7,CLEAR,0.0,
biospread_omega_v15,AE885,0.26328542828559875,medium,1,0.6274389922618866,5,CLEAR,0.0,
biospread_omega_v15,AE824,0.26432040333747864,medium,0,0.6147811114788055,0,CLEAR,0.0,
biospread_omega_v15,AC327,0.2564273774623871,medium,0,0.6380316913127899,1,CLEAR,0.0,
biospread_omega_v15,AA171,0.7155221104621887,review,1,0.4993942975997925,34,ORACLE_ORANGE,0.0,
biospread_omega_v15,AH420,0.2599656283855438,medium,0,0.6502862274646759,1,CLEAR,0.0,
biospread_omega_v15,AD950,0.2631329894065857,medium,0,0.6410599946975708,0,CLEAR,0.0,
biospread_omega_v15,AA934,0.2690519392490387,review,0,0.599637508392334,0,CLEAR,0.0,
biospread_omega_v15,AG443,0.26684829592704773,review,0,0.5986226797103882,0,CLEAR,0.0,
biospread_omega_v15,AA086,0.7141680121421814,review,0,0.5006366074085236,2,ORACLE_ORANGE,0.0,
biospread_omega_v15,AD200,0.28674232959747314,medium,0,0.6459875702857971,0,CLEAR,0.0,
biospread_omega_v15,AF395,0.30619683861732483,review,1,0.5908618271350861,4,CLEAR,0.0,
biospread_omega_v15,AG188,0.26517602801322937,medium,0,0.6072710752487183,0,CLEAR,0.0,
biospread_omega_v15,AF107,0.2794262766838074,medium,0,0.6401510536670685,0,CLEAR,0.0,
biospread_omega_v15,AB175,0.25802168250083923,medium,0,0.634441077709198,0,CLEAR,0.0,
biospread_omega_v15,AB860,0.36469751596450806,medium,1,0.6366526782512665,3,CLEAR,0.0,
biospread_omega_v15,AC117,0.25485315918922424,medium,0,0.6305264234542847,0,CLEAR,0.0,
biospread_omega_v15,AD122,0.38431409001350403,medium,0,0.6295317113399506,2,CLEAR,0.0,
biospread_omega_v15,AE568,0.26307588815689087,medium,0,0.6162430942058563,1,CLEAR,0.0,
biospread_omega_v15,AF080,0.29355672001838684,medium,1,0.6253415048122406,6,CLEAR,0.0,
biospread_omega_v15,AD570,0.3096843361854553,medium,0,0.6215391159057617,1,CLEAR,0.0,
biospread_omega_v15,AG427,0.26650139689445496,medium,0,0.6117833852767944,0,CLEAR,0.0,
biospread_omega_v15,AC203,0.7342367172241211,review,1,0.5235119760036469,6,ORACLE_ORANGE,0.0,
biospread_omega_v15,AA143,0.7046127915382385,review,1,0.539012610912323,10,ORACLE_ORANGE,0.0,
biospread_omega_v15,AF771,0.27463993430137634,review,0,0.5875104665756226,1,CLEAR,0.0,
biospread_omega_v15,AC025,0.26091042160987854,medium,1,0.6281908452510834,3,CLEAR,0.0,
biospread_omega_v15,AC956,0.2708775997161865,medium,0,0.6126521527767181,2,CLEAR,0.0,
biospread_omega_v15,AG584,0.26827841997146606,medium,0,0.6034164726734161,0,CLEAR,0.0,
biospread_omega_v15,AB705,0.2931365370750427,medium,0,0.6541076898574829,1,CLEAR,0.0,
biospread_omega_v15,AF220,0.2648206055164337,medium,0,0.6140519082546234,0,CLEAR,0.0,
biospread_omega_v15,AB136,0.5959705114364624,review,1,0.5847650468349457,4,ORACLE_ORANGE,0.0,
biospread_omega_v15,AH492,0.27545449137687683,medium,0,0.6077644526958466,0,CLEAR,0.0,
biospread_omega_v15,AA387,0.2841646373271942,medium,0,0.6048493981361389,1,CLEAR,0.0,
biospread_omega_v15,AC082,0.7156517505645752,review,1,0.4994351863861084,7,ORACLE_ORANGE,0.0,
biospread_omega_v15,AA710,0.7164121270179749,review,1,0.5032274723052979,3,ORACLE_ORANGE,0.0,
biospread_omega_v15,AC716,0.7168909907341003,review,1,0.5024379193782806,10,ORACLE_ORANGE,0.0,
biospread_omega_v15,AB193,0.7173619866371155,review,1,0.5036247372627258,22,ORACLE_ORANGE,0.0,
biospread_omega_v15,AG572,0.26324978470802307,medium,0,0.6168495118618011,0,CLEAR,0.0,
biospread_omega_v15,AC072,0.3168621361255646,review,0,0.5927574038505554,1,CLEAR,0.0,
biospread_omega_v15,AG533,0.29272711277008057,medium,0,0.6394865810871124,0,CLEAR,0.0,
biospread_omega_v15,AB729,0.3446851372718811,medium,0,0.6592428982257843,1,CLEAR,0.0,
biospread_omega_v15,AD501,0.27665919065475464,medium,0,0.6259560883045197,1,CLEAR,0.0,
biospread_omega_v15,AH442,0.27337005734443665,review,0,0.5897764265537262,0,CLEAR,0.0,
biospread_omega_v15,AE107,0.7223169207572937,review,1,0.5136611461639404,3,ORACLE_ORANGE,0.0,
biospread_omega_v15,AE947,0.27566012740135193,medium,0,0.6363320052623749,0,CLEAR,0.0,
biospread_omega_v15,AD350,0.751665472984314,review,1,0.5688819885253906,5,ORACLE_ORANGE,0.0,
biospread_omega_v15,AD199,0.26915687322616577,review,0,0.5998365879058838,1,CLEAR,0.0,
biospread_omega_v15,AD529,0.7185133695602417,review,1,0.5081917643547058,6,ORACLE_ORANGE,0.0,
biospread_omega_v15,AG196,0.2518090009689331,medium,0,0.6415148973464966,0,CLEAR,0.0,
biospread_omega_v15,AA728,0.2648616135120392,medium,0,0.6153044402599335,1,CLEAR,0.0,
biospread_omega_v15,AF754,0.2614873945713043,medium,0,0.6241990923881531,0,CLEAR,0.0,
biospread_omega_v15,AC320,0.7189424633979797,review,1,0.5128204226493835,11,ORACLE_ORANGE,0.0,
biospread_omega_v15,AC217,0.35320207476615906,medium,0,0.6734475195407867,1,CLEAR,0.0,
biospread_omega_v15,AA174,0.7169116139411926,review,1,0.5031811892986298,16,ORACLE_ORANGE,0.0,
biospread_omega_v15,AC720,0.7028167247772217,review,0,0.5692383646965027,2,ORACLE_ORANGE,0.0,
biospread_omega_v15,AE356,0.2674328088760376,review,0,0.5981550216674805,0,CLEAR,0.0,
biospread_omega_v15,AE015,0.7017115354537964,review,1,0.5177810192108154,8,ORACLE_ORANGE,0.0,
biospread_omega_v15,AB786,0.2684686779975891,medium,0,0.6032702624797821,0,CLEAR,0.0,
biospread_omega_v15,AB580,0.26904425024986267,review,0,0.5996382832527161,0,CLEAR,0.0,
biospread_omega_v15,AH397,0.26649239659309387,medium,0,0.6117812991142273,0,CLEAR,0.0,
biospread_omega_v15,AF694,0.26603269577026367,medium,0,0.6092021763324738,0,CLEAR,0.0,
biospread_omega_v15,AA302,0.7194727659225464,review,1,0.5118565857410431,8,ORACLE_ORANGE,0.0,
biospread_omega_v15,AD593,0.3227628171443939,medium,1,0.6418330371379852,3,CLEAR,0.0,
biospread_omega_v15,AC911,0.2657880485057831,medium,0,0.6101483404636383,0,CLEAR,0.0,
biospread_omega_v15,AA941,0.7198476195335388,review,1,0.5077757239341736,20,ORACLE_ORANGE,0.0,
biospread_omega_v15,AG719,0.7221932411193848,review,0,0.5291518568992615,0,ORACLE_ORANGE,0.0,
biospread_omega_v15,AD467,0.2733912765979767,medium,0,0.6009648442268372,1,CLEAR,0.0,
biospread_omega_v15,AG530,0.26028814911842346,medium,0,0.6177134811878204,2,CLEAR,0.0,
biospread_omega_v15,AH395,0.28205645084381104,review,0,0.5961244702339172,0,CLEAR,0.0,
biospread_omega_v15,AG152,0.2619745433330536,medium,0,0.6174740791320801,1,CLEAR,0.0,
biospread_omega_v15,AB775,0.26110708713531494,medium,0,0.6146706342697144,0,CLEAR,0.0,
biospread_omega_v15,AB871,0.3487943410873413,medium,0,0.6685549318790436,0,CLEAR,0.0,
biospread_omega_v15,AE949,0.2649132311344147,medium,0,0.6180126070976257,1,CLEAR,0.0,
biospread_omega_v15,AA668,0.7051651477813721,review,1,0.5082722306251526,11,ORACLE_ORANGE,0.0,
biospread_omega_v15,AD592,0.25530096888542175,medium,0,0.6337233781814575,1,CLEAR,0.0,
biospread_omega_v15,AE641,0.265655517578125,medium,0,0.615215927362442,0,CLEAR,0.0,
biospread_omega_v15,AD355,0.27207058668136597,review,0,0.5997208058834076,2,CLEAR,0.0,
biospread_omega_v15,AA667,0.7193568348884583,review,1,0.5105767250061035,8,ORACLE_ORANGE,0.0,
biospread_omega_v15,AF747,0.7150551676750183,review,1,0.5077315866947174,6,ORACLE_ORANGE,0.0,
biospread_omega_v15,AD422,0.2656879127025604,medium,0,0.6109452843666077,1,CLEAR,0.0,
biospread_omega_v15,AB951,0.7141661047935486,review,1,0.502066433429718,6,ORACLE_ORANGE,0.0,
biospread_omega_v15,AF352,0.26044023036956787,medium,0,0.6158500909805298,1,CLEAR,0.0,
biospread_omega_v15,AG241,0.2914755344390869,medium,0,0.6533989608287811,0,CLEAR,0.0,
biospread_omega_v15,AG450,0.2659442126750946,medium,0,0.6157862544059753,1,CLEAR,0.0,
biospread_omega_v15,AF621,0.2628988027572632,medium,0,0.6202520430088043,0,CLEAR,0.0,
biospread_omega_v15,AC345,0.7023100256919861,review,0,0.5525838136672974,2,ORACLE_ORANGE,0.0,
biospread_omega_v15,AF809,0.7078996300697327,review,1,0.5074570775032043,7,ORACLE_ORANGE,0.0,
biospread_omega_v15,AB130,0.7168639898300171,review,1,0.5020670890808105,13,ORACLE_ORANGE,0.0,
biospread_omega_v15,AB337,0.7589902877807617,medium,1,0.6264378726482391,10,ORACLE_ORANGE,0.0,
biospread_omega_v15,AD058,0.7189525961875916,review,1,0.5123143792152405,8,ORACLE_ORANGE,0.0,
biospread_omega_v15,AB640,0.707683265209198,medium,1,0.6043447554111481,6,ORACLE_ORANGE,0.0,
biospread_omega_v15,AD946,0.26684829592704773,review,0,0.5986226797103882,0,CLEAR,0.0,
biospread_omega_v15,AG027,0.25991636514663696,medium,0,0.6334122717380524,1,CLEAR,0.0,
biospread_omega_v15,AC628,0.7171147465705872,review,1,0.5149396061897278,3,ORACLE_ORANGE,0.0,
biospread_omega_v15,AC663,0.2664228081703186,medium,1,0.6068090498447418,6,CLEAR,0.0,
biospread_omega_v15,AG507,0.4454572796821594,medium,0,0.6523361802101135,0,CLEAR,0.0,
biospread_omega_v15,AC324,0.2680870294570923,medium,0,0.6178276538848877,1,CLEAR,0.0,
biospread_omega_v15,AH062,0.2605361342430115,medium,0,0.626847118139267,0,CLEAR,0.0,
biospread_omega_v15,AC229,0.265335351228714,medium,0,0.6111955642700195,0,CLEAR,0.0,
biospread_omega_v15,AB002,0.736906111240387,medium,1,0.6251257956027985,21,ORACLE_ORANGE,0.0,
biospread_omega_v15,AE834,0.2946458160877228,review,1,0.575669527053833,3,CLEAR,0.0,
biospread_omega_v15,AB777,0.26377707719802856,medium,0,0.6111353635787964,1,CLEAR,0.0,
biospread_omega_v15,AH363,0.28205645084381104,review,0,0.5961244702339172,0,CLEAR,0.0,
biospread_omega_v15,AA440,0.7293925285339355,review,1,0.5217712819576263,4,ORACLE_ORANGE,0.0,
biospread_omega_v15,AF249,0.2705325484275818,medium,0,0.6234106719493866,2,CLEAR,0.0,
biospread_omega_v15,AB085,0.3185637891292572,medium,0,0.6035518646240234,1,CLEAR,0.0,
biospread_omega_v15,AD647,0.33175691962242126,medium,0,0.6027348637580872,2,CLEAR,0.0,
biospread_omega_v15,AD525,0.2677179276943207,review,0,0.5988245606422424,0,CLEAR,0.0,
biospread_omega_v15,AB434,0.7144147753715515,review,1,0.5019364655017853,6,ORACLE_ORANGE,0.0,
biospread_omega_v15,AB520,0.26741504669189453,medium,0,0.6483232975006104,0,CLEAR,0.0,
biospread_omega_v15,AE692,0.2720514237880707,review,0,0.5998536050319672,1,CLEAR,0.0,
biospread_omega_v15,AD489,0.26634809374809265,medium,0,0.6095287203788757,0,CLEAR,0.0,
biospread_omega_v15,AF026,0.26823073625564575,medium,0,0.6096003353595734,2,CLEAR,0.0,
biospread_omega_v15,AA673,0.7063050270080566,review,1,0.5060363709926605,5,ORACLE_ORANGE,0.0,
biospread_omega_v15,AB687,0.6552897691726685,review,1,0.5369840562343597,20,ORACLE_ORANGE,0.0,
biospread_omega_v15,AF085,0.7301985621452332,review,1,0.5576745569705963,8,ORACLE_ORANGE,0.0,
biospread_omega_v15,AB650,0.2661518454551697,medium,0,0.6143326759338379,0,CLEAR,0.0,
biospread_omega_v15,AC821,0.2655234932899475,medium,1,0.6443374752998352,4,CLEAR,0.0,
biospread_omega_v15,AA539,0.7066562175750732,review,1,0.494478702545166,3,ORACLE_ORANGE,0.0,
biospread_omega_v15,AF750,0.2607353627681732,medium,0,0.62779501080513,0,CLEAR,0.0,
biospread_omega_v15,AD890,0.6985502243041992,review,0,0.5029186904430389,2,ORACLE_ORANGE,0.0,
biospread_omega_v15,AA580,0.6617527008056641,review,0,0.5485523045063019,1,ORACLE_ORANGE,0.0,
biospread_omega_v15,AD891,0.26603424549102783,medium,1,0.6117676496505737,3,CLEAR,0.0,
biospread_omega_v15,AF187,0.25540879368782043,medium,0,0.6371440291404724,1,CLEAR,0.0,
biospread_omega_v15,AE202,0.2709868550300598,medium,0,0.606298416852951,0,CLEAR,0.0,
biospread_omega_v15,AF417,0.26810500025749207,medium,0,0.6015447676181793,1,CLEAR,0.0,
biospread_omega_v15,AC347,0.7434986233711243,review,1,0.5997589528560638,3,ORACLE_ORANGE,0.0,
biospread_omega_v15,AA251,0.2702207565307617,medium,0,0.606864869594574,0,CLEAR,0.0,
biospread_omega_v15,AE045,0.7209109663963318,review,0,0.5266672074794769,2,ORACLE_ORANGE,0.0,
biospread_omega_v15,AC976,0.2646888196468353,medium,0,0.6132081151008606,0,CLEAR,0.0,
